card_id,name,rarity,category,stat1,stat2,stat3,description,autor,image_path
1,"Ah Shit, Here We Go Again",Commune,MEME,72,53,35,Sentiment de revivre une situation pénible connue,Cacahouetes,Cards/Commune/1.png
2,AI Baby,Commune,MEME,30,42,31,Quand c'est si drole que tu peux pas rigoler,La pizzeria,Cards/Commune/2.png
3,Astérion pose,Commune,MEME,12,15,9,Charisme à toute épreuve,Utmost,Cards/Commune/3.png
4,Bad apple,Commune,MEME,3,17,58,Ce clip est partout ,FG,Cards/Commune/4.png
5,BenJammins,Commune,MEME,32,35,35,La réincarnation de Benjamin Franklin,La pizzeria,Cards/Commune/5.png
6,Bob l'éponge imagination,Commune,MEME,37,32,42,Le fruit de l'imagination,Cacahouetes,Cards/Commune/6.png
7,Bob le Slime,Commune,MEME,1,50,24,Le blud est confus,Utmost,Cards/Commune/7.png
8,Bruh,Commune,MEME,11,22,16,Bruh,Cacahouetes,Cards/Commune/8.png
9,Cheh,Commune,MEME,70,12,33,Ajoute de l'huile sur le feu ,FG,Cards/Commune/9.png
10,DaBaBy Car,Commune,MEME,14,9,17,Une tête avec des roues,AUG,Cards/Commune/10.png
11,Dame tu cosita,Commune,MEME,28,7,1,C'est un alien vert à +1Md de vues,FG,Cards/Commune/11.png
12,Delete System32,Commune,MEME,35,35,35,Conseil informatique sauver ton ordi,Cacahouetes,Cards/Commune/12.png
13,Di caprio canapé,Commune,MEME,15,38,68,Hop hop hop c'était quoi ça,Utmost,Cards/Commune/13.png
14,Disaster Girl,Commune,MEME,25,25,25,Ne jamais lui faire confiance,Cacahouetes,Cards/Commune/14.png
15,Distracted Boyfriend,Commune,MEME,25,72,50,Un meme de qualité,Cacahouetes,Cards/Commune/15.png
16,Divide By Zero,Commune,MEME,52,43,29,Action impossible provoquant la fin du monde,Cacahouetes,Cards/Commune/16.png
17,Doacks de Dexter,Commune,MEME,30,62,27,Il t'as à l'oeil,Utmost,Cards/Commune/17.png
18,Drake Hotline Bling ,Commune,MEME,14,52,42,Un grand classique,Cacahouetes,Cards/Commune/18.png
19,Dumb Patrick,Commune,MEME,11,69,38,Vraiment bête celui là,Utmost,Cards/Commune/19.png
20,Ellie Smirk,Commune,MEME,48,50,50,Ellie dans The Last Of Us,La pizzeria,Cards/Commune/20.png
21,Emotional Daaamage,Commune,MEME,70,45,33,Quand asiatique est une difficulté,Utmost,Cards/Commune/21.png
22,Feels Good,Commune,MEME,59,60,40,Sentiment de satisfaction intense et de plénitude,Cacahouetes,Cards/Commune/22.png
23,Gorlock The Destroyer,Commune,MEME,40,27,36,Le dévoreur d'univers,La pizzeria,Cards/Commune/23.png
24,Hail Hydra,Commune,MEME,35,30,23,Le salut d'Hydra,La pizzeria,Cards/Commune/24.png
25,Heheheha,Commune,MEME,91,37,26,La best emote clash royale ,FG,Cards/Commune/25.png
26,Herobrine,Commune,MEME,42,65,51,Entité mystérieuse hantant le monde des cubes,Cacahouetes,Cards/Commune/26.png
27,Hide the Pain Harold,Commune,MEME,25,54,42,Tout va bien :( ,Cacahouetes,Cards/Commune/27.png
28,Homer buisson,Commune,MEME,20,12,22,Quand il y a un malaise..,Utmost,Cards/Commune/28.png
29,I Took an Arrow in the Knee,Commune,MEME,32,22,15,J'étais un aventurier comme vous...,Cacahouetes,Cards/Commune/29.png
30,It's over 9000!,Commune,MEME,40,43,39,Seul point faible trop fort,Cacahouetes,Cards/Commune/30.png
31,Italian Brainrot,Commune,MEME,27,66,30,Contenu absurde et répétitif aux accents italiens,Cacahouetes,Cards/Commune/31.png
32,John Xina,Commune,MEME,37,31,20,Catcheur invisible faisant la promotion de glaces,Cacahouetes,Cards/Commune/32.png
33,Kirkification,Commune,MEME,30,30,30,Chaque meme devient Charlie Kirk,La pizzeria,Cards/Commune/33.png
34,Le Monke,Commune,MEME,28,44,30,Grand singe étrange au regard très vide,Cacahouetes,Cards/Commune/34.png
35,Le squelette avec le bouclier,Commune,MEME,45,39,17,RAAAAAAAA (BING BING BING),Utmost,Cards/Commune/35.png
36,Let Him Cook,Commune,MEME,77,77,77,Laisser quelqu'un agir,Cacahouetes,Cards/Commune/36.png
37,Listembourg,Commune,MEME,46,42,37,Pays imaginaire créé pour piéger les Américains,La pizzeria,Cards/Commune/37.png
38,Lodibidon,Commune,MEME,3,2,1,La trend tiktok à l'époque ,FG,Cards/Commune/38.png
39,Mike Wazowski,Commune,MEME,52,65,70,Dans monstre et compagnie,La pizzeria,Cards/Commune/39.png
40,Minecraft,Commune,MEME,35,32,33,Le meilleur jeu de tous les temps,La pizzeria,Cards/Commune/40.png
41,Momo,Commune,MEME,34,41,43,Créature dérangeante aux yeux globuleux et effrayants,Cacahouetes,Cards/Commune/41.png
42,Monkey Puppet,Commune,MEME,23,18,41,SUS !,Cacahouetes,Cards/Commune/42.png
43,Mr. Incredible (Uncanny),Commune,MEME,38,59,43,Super-héros dont l'humeur devient de plus en plus sombre,Cacahouetes,Cards/Commune/43.png
44,Nate Higgerson,Commune,MEME,60,38,13,Bodycam off since vietnam,Utmost,Cards/Commune/44.png
45,Nyan cat,Commune,MEME,21,14,39,Le chat qui chie des arcs en ciel ,FG,Cards/Commune/45.png
46,Ohio,Commune,MEME,10,10,10,Only in Ohio,FG,Cards/Commune/46.png
47,OI OI OI A Eye Eye,Commune,MEME,35,45,35,OI OI OI A Eye Eye,La pizzeria,Cards/Commune/47.png
48,Phil Swift,Commune,MEME,69,13,14,Il aime les bateaux et les trucs qui scotchent,FG,Cards/Commune/48.png
49,Poisson steve,Commune,MEME,20,18,7,Il est oraaaaaange,FG,Cards/Commune/49.png
50,Poolrooms,Commune,MEME,99,4,11,Une catégorie de liminal space,FG,Cards/Commune/50.png
51,Quoicoubeh,Commune,MEME,1,5,12,Juste TG,Cacahouetes,Cards/Commune/51.png
52,Rero Rero,Commune,MEME,62,61,57, Rero Rero Rero Rero Rero Rero Rero ,La pizzeria,Cards/Commune/52.png
53,Rizz,Commune,MEME,22,16,40,W,FG,Cards/Commune/53.png
54,Santa Claus,Commune,MEME,30,53,32,Goo Goo Gaga,La pizzeria,Cards/Commune/54.png
55,SCP Foundation,Commune,MEME,30,22,68,Secure Contain and Protect,La pizzeria,Cards/Commune/55.png
56,Shocked Black Guy,Commune,MEME,40,55,60,Expression de surprise totale et de choc,Cacahouetes,Cards/Commune/56.png
57,Skype ,Commune,MEME,17,9,12,L'ancêtre de discord,FG,Cards/Commune/57.png
58,Spoderman,Commune,MEME,46,55,30,Version mal dessinée de spiderman,Cacahouetes,Cards/Commune/58.png
59,Squid game moment d'euphorie,Commune,MEME,21,46,29,LETS GOOO,Utmost,Cards/Commune/59.png
60,Success Kid,Commune,MEME,12,42,50,Succès,Cacahouetes,Cards/Commune/60.png
61,Supa Hot Fire,Commune,MEME,36,42,30,Rappeur imbattable qui n'est pas un rappeur,Cacahouetes,Cards/Commune/61.png
62,Super idol,Commune,MEME,40,40,37,Super idol 的笑容 都沒你的甜,La pizzeria,Cards/Commune/62.png
63,Surprised Pikachu,Commune,MEME,30,14,20,Pikachu !!,Cacahouetes,Cards/Commune/63.png
64,This Is Fine,Commune,MEME,25,62,53,It's fine bro !,Cacahouetes,Cards/Commune/64.png
65,Tu es déjà mort,Commune,MEME,60,55,50,Tu es mort mais tu ne le sais pas,Cacahouetes,Cards/Commune/65.png
66,Uno Reverse Card,Commune,MEME,79,72,71,Puissant retour à l'envoyeur changeant le destin,Cacahouetes,Cards/Commune/66.png
67,Wario apparition (SM64),Commune,MEME,33,2,15,Une creepypasta de l'iceberg de SM64,FG,Cards/Commune/67.png
68,Wat,Commune,MEME,37,24,45,Wat ?,La pizzeria,Cards/Commune/68.png
69,Wojak,Commune,MEME,22,30,69,L'évolution des trolls faces,FG,Cards/Commune/69.png
70,World Burning,Commune,MEME,31,55,54,Désir de chaos pur sans aucune raison,Cacahouetes,Cards/Commune/70.png
71,21,Rare,MEME,59,75,47,9+10=21,Utmost,Cards/Rare/71.png
72,1 kilomètre,Rare,MEME,34,40,35,Ça pèse au moins 1 kilomètre,La pizzeria,Cards/Rare/72.png
73,60's Spider-Man,Rare,MEME,48,49,50,C'est spider-man mon reuf,Cacahouetes,Cards/Rare/73.png
74,Boykisser,Rare,MEME,20,15,60,You like kissing boys don't you ? :3,Rexso,Cards/Rare/74.png
75,Claque de Will Smith ,Rare,MEME,99,66,6,100% violence ,FG,Cards/Rare/75.png
76,Crab Rave,Rare,MEME,62,61,45,La danse du crabe,Cacahouetes,Cards/Rare/76.png
77,Crying Joseph,Rare,MEME,65,72,54,CEASARRRRRR,La pizzeria,Cards/Rare/77.png
78,Dany Slicer,Rare,MEME,62,59,61,Le grand méchant de 2026 ?,La pizzeria,Cards/Rare/78.png
79,Don't Ask Who Joe Is,Rare,MEME,55,62,51,Joe Mama,Cacahouetes,Cards/Rare/79.png
80,Even Speedwagon Is Afraid!,Rare,MEME,67,53,43,Constat d'une peur dépassant toute limite humaine,Cacahouetes,Cards/Rare/80.png
81,Fake mrbeast,Rare,MEME,41,18,5,MIISTRR BEEEAAAST,FG,Cards/Rare/81.png
82,Hayato,Rare,MEME,65,61,54,Salutation matinale très oppressante dans une salle de bain,Cacahouetes,Cards/Rare/82.png
83,Hello there,Rare,MEME,42,37,27,Bonjour !,Cacahouetes,Cards/Rare/83.png
84,I hate you JoJo,Rare,MEME,80,77,64,Cri de haine profonde,Cacahouetes,Cards/Rare/84.png
85,It Is Wednesday My Dudes,Rare,MEME,51,51,51,Annonce solennelle de la mi-semaine en criant,Cacahouetes,Cards/Rare/85.png
86,"It Was Me, Dio!",Rare,MEME,65,66,68,Révélation fracassante du véritable auteur du mal,Cacahouetes,Cards/Rare/86.png
87,Jimmy butler confused with paper,Rare,MEME,25,34,51,Qu'est-ce que c'est que ce truc ?????,Utmost,Cards/Rare/87.png
88,JoJo pose,Rare,MEME,45,69,52,Des poses extravagantes en référence à JoJo,Utmost,Cards/Rare/88.png
89,Jon Hamm Dance,Rare,MEME,44,46,44,Turn the Lights Off,La pizzeria,Cards/Rare/89.png
90,Just a Chill Guy,Rare,MEME,57,65,40,Le gars le chill du monde,Cacahouetes,Cards/Rare/90.png
91,King baldwin,Rare,MEME,90,48,25,Aura,Utmost,Cards/Rare/91.png
92,Knee surgery,Rare,MEME,42,55,60,That feeling when knee surgery is tomorrow,La pizzeria,Cards/Rare/92.png
93,La chanson des petits beurww,Rare,MEME,35,3,21,L'univeuwww,Utmost,Cards/Rare/93.png
94,Logan Paul,Rare,MEME,55,65,55,Logan Paul Never StreSS,La pizzeria,Cards/Rare/94.png
95,"Look At Me, I'm The Captain Now",Rare,MEME,45,26,34,C'est lui capitaine,Cacahouetes,Cards/Rare/95.png
96,Metal pipe,Rare,MEME,80,39,41,*Metal pipe sound.mp3*,FG,Cards/Rare/96.png
97,My Name Is Yoshikage Kira,Rare,MEME,65,61,60,Monologue d'un tueur voulant une vie tranquille,Cacahouetes,Cards/Rare/97.png
98,No Bitches?,Rare,MEME,69,69,69,"Bah, alors mon gars...",Cacahouetes,Cards/Rare/98.png
99,Not Stonks,Rare,MEME,50,40,40,NOT stonks !,Cacahouetes,Cards/Rare/99.png
100,PogChamp,Rare,MEME,54,51,43,Expression de surprise intense et d'excitation totale,Cacahouetes,Cards/Rare/100.png
101,Ragebait,Rare,MEME,90,25,18,Dora > One Piece,FG,Cards/Rare/101.png
102,Steve Harrington,Rare,MEME,50,65,55,La meilleure maman,La pizzeria,Cards/Rare/102.png
103,Tk78,Rare,MEME,40,35,49,Vos mère c'est des dinausores,FG,Cards/Rare/103.png
104,Torture Dance,Rare,MEME,54,55,60,Chorégraphie funky pour interroger un ennemi décapité,Cacahouetes,Cards/Rare/104.png
105,Two Buttons,Rare,MEME,80,50,42,Choisi le bon bouton !,Cacahouetes,Cards/Rare/105.png
106,We are number one !,Rare,MEME,60,45,12,Ça à fait le tour du monde ,FG,Cards/Rare/106.png
107,Yare Yare Daze,Rare,MEME,58,60,61,De mieux en mieux Jotaro !,Cacahouetes,Cards/Rare/107.png
108,Your Next Line is...,Rare,MEME,65,64,69,Prédiction géniale de la prochaine phrase adverse,Cacahouetes,Cards/Rare/108.png
109,Za Warudo,Rare,MEME,79,75,73,Cri permettant de figer le temps instantanément,Cacahouetes,Cards/Rare/109.png
110,Zyzz,Rare,MEME,35,43,61,The father of the Golden era in bodybuilding,La pizzeria,Cards/Rare/110.png
111,Absolute cinema,Épique,MEME,93,78,73,Masterclass incoming,Utmost,Cards/Épique/111.png
112,Bart Simpson humanisé,Épique,MEME,50,35,82,Bart simpgons :p,alpikespot,Cards/Épique/112.png
113,Big Chungus,Épique,MEME,67,52,42,Il est gros,Cacahouetes,Cards/Épique/113.png
114,Fart sound,Épique,MEME,41,90,80,Un prout quoi,FG,Cards/Épique/114.png
115,For suure !,Épique,MEME,70,60,25,For shuuurre !,Cacahouetes,Cards/Épique/115.png
116,Frieren Looking Up,Épique,MEME,50,52,48,C'est pas le bon angle,La pizzeria,Cards/Épique/116.png
117,GigaChad,Épique,MEME,82,72,67,Le roi des chad,Cacahouetes,Cards/Épique/117.png
118,HEYYEYAAEYAAAEYAEYAA,Épique,MEME,65,62,57,He-Man chante avec une joie très communicative,Cacahouetes,Cards/Épique/118.png
119,Image inégalités Brésil,Épique,MEME,100,25,85,L'image dans tous les bouquins de géo,Rexso,Cards/Épique/119.png
120,Lowkenuinely,Épique,MEME,25,30,25,Quand on mélange Lowkey et Genuinely,La pizzeria,Cards/Épique/120.png
121,Press F to Pay Respects,Épique,MEME,59,75,63,Respect,Cacahouetes,Cards/Épique/121.png
122,SCP Wish I Knew,Épique,MEME,45,48,45,Ooh Wish I Knew,La pizzeria,Cards/Épique/122.png
123,Scream with no lungs,Épique,MEME,45,55,45,Have you ever heard a man scream with no lungs ?,La pizzeria,Cards/Épique/123.png
124,Sexually Identify as an,Épique,MEME,75,80,77,HELICOPTER,Cacahouetes,Cards/Épique/124.png
125,Shut Up And Take My Money!,Épique,MEME,55,57,50,Réaction enthousiaste pour un achat compulsif immédiat,Cacahouetes,Cards/Épique/125.png
126,Sigma,Épique,MEME,43,37,17,Sorry you are not a sigma !,Cacahouetes,Cards/Épique/126.png
127,SPEED I NEEEEED THIS,Épique,MEME,70,99,94,My mom is kinda homeless..,Utmost,Cards/Épique/127.png
128,This Is Sparta!,Épique,MEME,75,85,85,THIS IS SPARTAAA !!!!,La pizzeria,Cards/Épique/128.png
129,TrollFace,Épique,MEME,67,53,25,Trollololo,Cacahouetes,Cards/Épique/129.png
130,Xue hua piao piao,Épique,MEME,25,53,34,Eggman,alpikespot,Cards/Épique/130.png
131,67,Légendaire,MEME,32,100,100, SIX SEVEEEEN,Utmost,Cards/Légendaire/131.png
132,Amogus,Légendaire,MEME,73,54,56,When the imposter is SUS,Cacahouetes,Cards/Légendaire/132.png
133,Doge,Légendaire,MEME,70,85,90,Le chien d'internet,Cacahouetes,Cards/Légendaire/133.png
134,Indestructible Nokia 3310,Légendaire,MEME,75,80,85,Téléphone légendaire capable de briser le sol,Cacahouetes,Cards/Légendaire/134.png
135,Isaac emote twitch,Légendaire,MEME,66,80,100,Pleure tout le temp un classique en terme d'émote,Hugo,Cards/Légendaire/135.png
136,JoJo's Bizarre Adventure,Légendaire,MEME,90,67,85,Épopée familiale remplie de poses très fabuleuses,Cacahouetes,Cards/Légendaire/136.png
137,Lord Marquaad E,Légendaire,MEME,85,86,88,EEEEEEEEEEEEEE,Cacahouetes,Cards/Légendaire/137.png
138,Nicolás Maduro,Légendaire,MEME,45,70,52,Pour bien commencer l'année,La pizzeria,Cards/Légendaire/138.png
139,Pepe the frog,Légendaire,MEME,70,80,90,Pepe la grenouille,Cacahouetes,Cards/Légendaire/139.png
140,Roll Safe,Légendaire,MEME,67,67,67,Hehe boy !,Cacahouetes,Cards/Légendaire/140.png
141,Ugandan Knuckles,Légendaire,MEME,77,55,65,Do you know the way ?,Cacahouetes,Cards/Légendaire/141.png
142,W speed,Légendaire,MEME,68,80,91,W speed ❤️‍🩹,Utmost,Cards/Légendaire/142.png
143,Baby Shark ,Mythique,MEME,100,100,73,La vidéo la plus vue de YouTube ,FG,Cards/Mythique/143.png
144,Charlie Kirk,Mythique,MEME,65,67,83,We are Charlie Kirk !,Utmost,Cards/Mythique/144.png
145,Crazy Frog,Mythique,MEME,74,95,87,AAAAAAAAAHHHHHHH,La pizzeria,Cards/Mythique/145.png
146,Galaxy Brain,Mythique,MEME,85,90,68,200IQ,Cacahouetes,Cards/Mythique/146.png
147,Shaggy,Mythique,MEME,100,65,52,Ultimate Sammy,Cacahouetes,Cards/Mythique/147.png
148,Stonks,Mythique,MEME,100,80,80,STOOOOONKS !!!,Cacahouetes,Cards/Mythique/148.png
149,The Nihilist Penguin,Mythique,MEME,100,52,37,,Cacahouetes,Cards/Mythique/149.png
150,Trump's dance,Mythique,MEME,38,58,45,MAGA,La pizzeria,Cards/Mythique/150.png
151,Rick Roll,Unique,MEME,100,100,100,Never Gonna Give You Up,La pizzeria,Cards/Unique/151.png
152,Alarme,Commune,MOTS,14,16,9,Bi du bi du bi du,AUG,Cards/Commune/152.png
153,Alliance,Commune,MOTS,19,5,37,Union contractée par engagement mutuel,AUG,Cards/Commune/153.png
154,Baigner,Commune,MOTS,14,17,6,"Mettre et maintenir dans l'eau, un liquide pour laver, imbiber",AUG,Cards/Commune/154.png
155,Bidule,Commune,MOTS,1,0,9,Quand l'objet est non identifié ,FG,Cards/Commune/155.png
156,Blond,Commune,MOTS,5,17,18,"De la couleur la plus claire, proche du jaune",AUG,Cards/Commune/156.png
157,Bonjour,Commune,MOTS,25,30,5,Bonjour,Cacahouetes,Cards/Commune/157.png
158,Bras,Commune,MOTS,12,87,56," Pas de bras, pas de chocolats",La pizzeria,Cards/Commune/158.png
159,Callipyge,Commune,MOTS,60,40,30, Dont les fesses sont belles,La pizzeria,Cards/Commune/159.png
160,Caresse,Commune,MOTS,19,15,19,"Frôlement, effleurement",AUG,Cards/Commune/160.png
161,Centre,Commune,MOTS,19,14,17,"Le ""point"" au milieu du cercle",AUG,Cards/Commune/161.png
162,Chapelle,Commune,MOTS,13,3,25,"Lieu consacré au culte dans une demeure, un établissement",AUG,Cards/Commune/162.png
163,Chef,Commune,MOTS,46,36,69, C'est le chef,La pizzeria,Cards/Commune/163.png
164,Chien,Commune,MOTS,36,61,11,Le meilleur ami de l'Homme,La pizzeria,Cards/Commune/164.png
165,Chorale,Commune,MOTS,12,19,29,Société musicale qui exécute des œuvres vocales,AUG,Cards/Commune/165.png
166,Coloscopie,Commune,MOTS,6,84,69,On te scope le colon,Rexso,Cards/Commune/166.png
167,Complet,Commune,MOTS,8,25,4,Auquel ne manque aucun des éléments qui doivent le constituer,AUG,Cards/Commune/167.png
168,Croix,Commune,MOTS,5,19,19,Représentation ou évocation symbolique de la croix de Jésus-Christ,AUG,Cards/Commune/168.png
169,Entendre,Commune,MOTS,14,17,14,"Percevoir, saisir par l'intelligence",AUG,Cards/Commune/169.png
170,Étagère,Commune,MOTS,6,40,3,Si tu veux poser des trucs,FG,Cards/Commune/170.png
171,Fort,Commune,MOTS,9,8,9,Qui a de la force physique.,AUG,Cards/Commune/171.png
172,Français,Commune,MOTS,30,80,27, Vive la France,La pizzeria,Cards/Commune/172.png
173,Gagnant,Commune,MOTS,2,18,15,"Qui gagne, remporte une épreuve",AUG,Cards/Commune/173.png
174,Garnir,Commune,MOTS,14,16,19,Pourvoir d'éléments destinés à protéger ou à renforcer,AUG,Cards/Commune/174.png
175,Glacier,Commune,MOTS,24,38,21,Champ de glace éternelle qui s'écoule très lentement,AUG,Cards/Commune/175.png
176,Hérisson,Commune,MOTS,60,40,26, Animal qui pique,La pizzeria,Cards/Commune/176.png
177,Jambe,Commune,MOTS,18,23,19,Partie du membre inférieur comprise entre le genou et le cou-de-pied,AUG,Cards/Commune/177.png
178,Jaugeur,Commune,MOTS,19,13,13,Personne employée à jauger,AUG,Cards/Commune/178.png
179,Jet,Commune,MOTS,23,3,23,"Action de jeter, de lancer quelque chose loin de soi",AUG,Cards/Commune/179.png
180,Jury,Commune,MOTS,20,5,7,Ensemble d'examinateurs,AUG,Cards/Commune/180.png
181,Lancer,Commune,MOTS,2,15,47,Action de lancer,FG,Cards/Commune/181.png
182,Langoureux,Commune,MOTS,37,89,12,Avec la langue,Rexso,Cards/Commune/182.png
183,Le,Commune,MOTS,12,47,20,Un déterminant puissant,Cacahouetes,Cards/Commune/183.png
184,Maintenir ,Commune,MOTS,34,12,40,Action de maintenir,FG,Cards/Commune/184.png
185,Merci,Commune,MOTS,25,30,5,De rien,Cacahouetes,Cards/Commune/185.png
186,Monocle,Commune,MOTS,27,27,9,Une loupe qui zoom pas,AUG,Cards/Commune/186.png
187,Mouiller,Commune,MOTS,12,36,10,Quelqu'un de mouillée,Cacahouetes,Cards/Commune/187.png
188,Mur,Commune,MOTS,14,55,21,Bah un mur quoi,FG,Cards/Commune/188.png
189,Nib,Commune,MOTS,0,0,0,Synonyme de rien,La pizzeria,Cards/Commune/189.png
190,Noir,Commune,MOTS,0,3,100,C'est l'absence de couleur ,FG,Cards/Commune/190.png
191,Nombril,Commune,MOTS,13,9,18,Cicatrice arrondie sur le ventre des mammifères,AUG,Cards/Commune/191.png
192,Ok,Commune,MOTS,15,16,15,Okay,Cacahouetes,Cards/Commune/192.png
193,Ours,Commune,MOTS,3,5,28,Reurrrrrr,AUG,Cards/Commune/193.png
194,Pain,Commune,MOTS,5,32,14,Le pain,FG,Cards/Commune/194.png
195,Parangon,Commune,MOTS,58,69,13, Modèle,La pizzeria,Cards/Commune/195.png
196,Parceque,Commune,MOTS,20,22,41,Pourquoi,Cacahouetes,Cards/Commune/196.png
197,Pardon,Commune,MOTS,4,8,3,Juste pardon,Cacahouetes,Cards/Commune/197.png
198,Peinture,Commune,MOTS,12,12,27,"Action, art de peindre",AUG,Cards/Commune/198.png
199,Perdre,Commune,MOTS,19,23,13,Elle sont où mes lunettes,AUG,Cards/Commune/199.png
200,Plan,Commune,MOTS,12,12,13,"Sans aspérité, inégalité, ni courbure ",AUG,Cards/Commune/200.png
201,Poignarder,Commune,MOTS,10,67,80,"Frapper, blesser ou tuer avec un couteau.",Cacahouetes,Cards/Commune/201.png
202,Poivre,Commune,MOTS,24,15,10,"Épice à saveur très forte, piquante, faite des fruits séchés du poivrier.",AUG,Cards/Commune/202.png
203,Poupée,Commune,MOTS,16,8,9,Figurine humaine servant de jouet d'enfant,AUG,Cards/Commune/203.png
204,Pourquoi,Commune,MOTS,20,22,41,Parce que,Cacahouetes,Cards/Commune/204.png
205,Rampant,Commune,MOTS,24,8,11,Qui rampe,AUG,Cards/Commune/205.png
206,S'asseoir,Commune,MOTS,6,16,4,Fonder sur une base solide,AUG,Cards/Commune/206.png
207,Sportif,Commune,MOTS,19,19,15,"Propre ou relatif au sport, aux différents sports.",AUG,Cards/Commune/207.png
208,Treuil,Commune,MOTS,17,6,12,Vzffffuuuuuuuuuuuuuuu,AUG,Cards/Commune/208.png
209,Urètre,Commune,MOTS,0,12,20,Le trou du pipi,Rexso,Cards/Commune/209.png
210,Vair,Commune,MOTS,30,16,12,Une fourrure,Utmost,Cards/Commune/210.png
211,Ver,Commune,MOTS,30,16,34,On ne part jamais sans pour pêcher,Utmost,Cards/Commune/211.png
212,Verre,Commune,MOTS,30,16,20,Contient généralement une boisson,Utmost,Cards/Commune/212.png
213,Vers,Commune,MOTS,30,16,43,"La direction, attention",Utmost,Cards/Commune/213.png
214,Vert,Commune,MOTS,30,16,69,Très belle couleur,Utmost,Cards/Commune/214.png
215,Viande,Commune,MOTS,9,14,3,"Aliments, nourriture",AUG,Cards/Commune/215.png
216,Vierge,Commune,MOTS,7,3,20,TOI,AUG,Cards/Commune/216.png
217,Voir,Commune,MOTS,12,15,27,Percevoir les images des objets par le sens de la vue,AUG,Cards/Commune/217.png
218,Voix,Commune,MOTS,17,10,15,Ensemble des sons produits par les vibrations des cordes vocales,AUG,Cards/Commune/218.png
219,Vouloir,Commune,MOTS,14,16,12,"Avoir la volonté, le désir de",AUG,Cards/Commune/219.png
220,Vue,Commune,MOTS,2,11,6,"Action, fait de voir",AUG,Cards/Commune/220.png
221,Wesh,Commune,MOTS,2,6,3,Comment ça wesh,Cacahouetes,Cards/Commune/221.png
222, Rouflaquette,Rare,MOTS,21,34,38,Patte de cheveux sur la joue,AUG,Cards/Rare/222.png
223,Ameublement,Rare,MOTS,36,31,29,"Ensemble des meubles d'un logement, considéré dans son agencement",AUG,Cards/Rare/223.png
224,Antique,Rare,MOTS,30,50,15,Qui appartient aux anciennes civilisations,La pizzeria,Cards/Rare/224.png
225,Ardent,Rare,MOTS,14,26,25,"Qui est en feu, en combustion ; qui brûle",AUG,Cards/Rare/225.png
226,Artiste,Rare,MOTS,20,32,35,"Artisan, technicien",AUG,Cards/Rare/226.png
227,Baba,Rare,MOTS,71,23,77,Synonyme de choqué (veut aussi dire père en turc),La pizzeria,Cards/Rare/227.png
228,Basson,Rare,MOTS,35,27,38,"Instrument à vent en bois, à anche double",AUG,Cards/Rare/228.png
229,Chleuasme,Rare,MOTS,31,12,30, Fausse modestie,La pizzeria,Cards/Rare/229.png
230,Cidre,Rare,MOTS,28,38,34,Boisson obtenue par la fermentation alcoolique du jus de pomme,AUG,Cards/Rare/230.png
231,Écuyer ,Rare,MOTS,67,42,30,Celui qui se déplace à cheval ,FG,Cards/Rare/231.png
232,Embrouillamini,Rare,MOTS,20,6,31,Désordre,La pizzeria,Cards/Rare/232.png
233,Ensorceler,Rare,MOTS,41,29,37,"Soumettre à l'action d'un sortilège, jeter un sort sur",AUG,Cards/Rare/233.png
234,Fissure,Rare,MOTS,32,29,35,Petite fente,AUG,Cards/Rare/234.png
235,Girouette,Rare,MOTS,34,38,22,Plaque mobile autour d'un axe vertical,AUG,Cards/Rare/235.png
236,Gourgandine,Rare,MOTS,21,23,56,Une femme facile,La pizzeria,Cards/Rare/236.png
237,Griot,Rare,MOTS,100,0,30,Père castor raconte-nous une histoire,Renfeld,Cards/Rare/237.png
238,Horizon,Rare,MOTS,40,70,12,"Loin, très loin",La pizzeria,Cards/Rare/238.png
239,Illusion,Rare,MOTS,34,37,26,Interprétation fausse de ce que l'on perçoit,AUG,Cards/Rare/239.png
240,Inhaler,Rare,MOTS,27,29,35,Absorber par les voies respiratoires,AUG,Cards/Rare/240.png
241,Locomotive,Rare,MOTS,74,59,43,Tchou-tchou,La pizzeria,Cards/Rare/241.png
242,Logorrhée,Rare,MOTS,66,80,30,Une diarrhée verbale,Rexso,Cards/Rare/242.png
243,Mental,Rare,MOTS,28,26,33,"Qui se fait dans l'esprit seulement, sans expression orale ou écrite",AUG,Cards/Rare/243.png
244,Nonobstant ,Rare,MOTS,57,28,70,Pas obstant ,Rexso,Cards/Rare/244.png
245,Obstacle,Rare,MOTS,27,31,29,"Ce qui s'oppose au passage, gêne le mouvement",AUG,Cards/Rare/245.png
246,Occupation,Rare,MOTS,20,32,38,"Ce à quoi on consacre son activité, son temps.",AUG,Cards/Rare/246.png
247,Parpaing,Rare,MOTS,56,75,100,C'est un gros cailloux,La pizzeria,Cards/Rare/247.png
248,Particulier,Rare,MOTS,25,31,26,Qui appartient en propre,AUG,Cards/Rare/248.png
249,Pédiluve ,Rare,MOTS,52,63,9,Avant de rentrer dans une piscine ,FG,Cards/Rare/249.png
250,Piaule,Rare,MOTS,5,0,35,"Logement, chambre",Cacahouetes,Cards/Rare/250.png
251,Piètre,Rare,MOTS,21,45,62,Médiocre,La pizzeria,Cards/Rare/251.png
252,Premier,Rare,MOTS,25,37,30,"Qui vient avant les autres, dans un ordre",AUG,Cards/Rare/252.png
253,Prosodique,Rare,MOTS,43,14,49,"Relatif à la prosodie, aux caractères quantitatifs des syllabes",AUG,Cards/Rare/253.png
254,Royal,Rare,MOTS,29,18,28,Du roi ; qui concerne le roi,AUG,Cards/Rare/254.png
255,Saint,Rare,MOTS,23,34,31,"Qui mène une vie irréprochable, conforme à la religion.",AUG,Cards/Rare/255.png
256,Sexy,Rare,MOTS,69,69,69,Qui est sexuellement attirant,AUG,Cards/Rare/256.png
257,Solitude,Rare,MOTS,32,38,28,Situation d'une personne qui est seule,AUG,Cards/Rare/257.png
258,Superfétatoire,Rare,MOTS,43,8,49,Ajout inutile,La pizzeria,Cards/Rare/258.png
259,Tartempion,Rare,MOTS,42,24,66,Un inconnu,La pizzeria,Cards/Rare/259.png
260,Urgence,Rare,MOTS,23,32,21,Nécessité d'agir vite,AUG,Cards/Rare/260.png
261,Ziggourat,Rare,MOTS,65,18,43, Un édifice religieux,La pizzeria,Cards/Rare/261.png
262,Ab hoc et ab hâc,Épique,MOTS,70,10,60,Sans raison,La pizzeria,Cards/Épique/262.png
263,Arachibutyrophobie ,Épique,MOTS,10,10,40,Phobie d'avoir du beurre de cacahuète collé sur le palais,La pizzeria,Cards/Épique/263.png
264,Arcane,Épique,MOTS,58,31,75,La série est une masterclass aussi,La pizzeria,Cards/Épique/264.png
265,Bacbuc,Épique,MOTS,12,7,21,Une bouteille,La pizzeria,Cards/Épique/265.png
266,Canneberge,Épique,MOTS,91,3,14,Fruit rouge ressemblant à des groseilles ,FG,Cards/Épique/266.png
267,Cordialement,Épique,MOTS,59,48,61,"Nom, prenom, classe",AUG,Cards/Épique/267.png
268,Croquignolesque,Épique,MOTS,52,54,61,"Quelque chose de burlesque, ridicule",La pizzeria,Cards/Épique/268.png
269,Dictature,Épique,MOTS,30,78,91,L'inverse de la démocratie,La pizzeria,Cards/Épique/269.png
270,Ethylotest,Épique,MOTS,69,50,87,Permet de détecter la presence d'alcool,Cacahouetes,Cards/Épique/270.png
271,Fulgurant,Épique,MOTS,70,54,60,Rapide,La pizzeria,Cards/Épique/271.png
272,Hippopotomonstrosesquipédaliophobie,Épique,MOTS,56,32,85,Trop de syllabes,AUG,Cards/Épique/272.png
273,Légendaire,Épique,MOTS,78,66,82,C'est au dessus de épique ,La pizzeria,Cards/Épique/273.png
274,Masterclass,Épique,MOTS,79,50,51,Incroyable,La pizzeria,Cards/Épique/274.png
275,Moujingue ,Épique,MOTS,72,23,66,Enfant difficile,La pizzeria,Cards/Épique/275.png
276,Pélican,Épique,MOTS,53,0,61,Très grand oiseau blanc,La pizzeria,Cards/Épique/276.png
277,Prestidigitateur,Épique,MOTS,43,56,71,Magicien,La pizzeria,Cards/Épique/277.png
278,Susmentionné,Épique,MOTS,85,78,99,Mentionné précedemment,Rexso,Cards/Épique/278.png
279,Titanesque,Épique,MOTS,67,89,59,Gigantestque,La pizzeria,Cards/Épique/279.png
280,Tuff,Épique,MOTS,7,67,75,Trop Tuff,Utmost,Cards/Épique/280.png
281,Yole,Épique,MOTS,12,1,22,Petit bateau,La pizzeria,Cards/Épique/281.png
282,Atrabilaire,Légendaire,MOTS,91,9,84,Aigri,FG,Cards/Légendaire/282.png
283,Brindezingue,Légendaire,MOTS,23,47,50,Être en état d'ivresse,La pizzeria,Cards/Légendaire/283.png
284,Décitex,Légendaire,MOTS,70,20,70, Poids d'un fil pour 10000 mètres de fil,La pizzeria,Cards/Légendaire/284.png
285,Encomiastique ,Légendaire,MOTS,45,32,78,Qui fait l'éloge de quelqu'un,La pizzeria,Cards/Légendaire/285.png
286,Gougnafier,Légendaire,MOTS,68,74,89,Bon à rien,La pizzeria,Cards/Légendaire/286.png
287,Oekoumène ,Légendaire,MOTS,30,10,90,Espace habitable de la surface de la Terre,La pizzeria,Cards/Légendaire/287.png
288,Pénultième,Légendaire,MOTS,85,52,75,L'avant dernier,Cacahouetes,Cards/Légendaire/288.png
289,Rhombododécaèdre,Légendaire,MOTS,100,12,75,Un icosaèdre étendu,Rexso,Cards/Légendaire/289.png
290,Salmigondis,Légendaire,MOTS,57,32,88,Ensemble d'idées sans lien,La pizzeria,Cards/Légendaire/290.png
291,Sérendipité,Légendaire,MOTS,69,9,55,Trouvaille heureuse,La pizzeria,Cards/Légendaire/291.png
292,Ultracrépidarianisme ,Légendaire,MOTS,80,28,76,LE mot bizarre,La pizzeria,Cards/Légendaire/292.png
293,Valétudinaire ,Légendaire,MOTS,0,19,65,Maladif,La pizzeria,Cards/Légendaire/293.png
294,Amphigourique,Mythique,MOTS,98,2,99,Synonyme de alambiqué,FG,Cards/Mythique/294.png
295,Goulu,Mythique,MOTS,100,83,100,Quelqu'un de bien goulu qui mange avec aviditée = Ilan,Hugo,Cards/Mythique/295.png
296,Hypnopompique,Mythique,MOTS,73,22,76,État entre le rêve et le réveil,La pizzeria,Cards/Mythique/296.png
297,Mot,Mythique,MOTS,87,96,90,Suite ininterrompue de lettres,La pizzeria,Cards/Mythique/297.png
298,Phlogistique,Mythique,MOTS,30,74,20,Un fluide alchimique qui serait à l'origine des flammes,Rexso,Cards/Mythique/298.png
299,Rikiki,Mythique,MOTS,90,87,79,C'est pas la taille qui compte,La pizzeria,Cards/Mythique/299.png
300,Saperlipopette,Mythique,MOTS,100,100,90,Ancien juron,La pizzeria,Cards/Mythique/300.png
301,Tétractys ,Mythique,MOTS,43,12,98,C'est un triangle,La pizzeria,Cards/Mythique/301.png
302,Orchidoclaste,Unique,MOTS,100,100,100,Synonyme de casse-couille,Cacahouetes,Cards/Unique/302.png
303,1 citron,Commune,OBJETS,5,15,1,Un citron,FG,Cards/Commune/303.png
304,2 citrons,Commune,OBJETS,5,15,2,Deux citrons,FG,Cards/Commune/304.png
305,Ampoule,Commune,OBJETS,26,30,34,Globe de verre diffusant de la lumière,Cacahouetes,Cards/Commune/305.png
306,Aspirateur ,Commune,OBJETS,60,32,18,Aspiration ,FG,Cards/Commune/306.png
307,Assiette ,Commune,OBJETS,66,14,5,Pratique pour manger ,FG,Cards/Commune/307.png
308,Balle de baseball,Commune,OBJETS,25,41,12,Balle dure recouverte de cuir cousu,Cacahouetes,Cards/Commune/308.png
309,Balle de basket,Commune,OBJETS,25,40,30,Gros ballon orange qui rebondit haut,Cacahouetes,Cards/Commune/309.png
310,Balle de foot,Commune,OBJETS,25,37,25,Ballon rond conçu pour être frappé,Cacahouetes,Cards/Commune/310.png
311,Balle de golf,Commune,OBJETS,25,30,15,Petite sphère blanche à alvéoles dures,Cacahouetes,Cards/Commune/311.png
312,Balle de ping-pong,Commune,OBJETS,25,20,5,Sphère légère rebondissant sur la table,Cacahouetes,Cards/Commune/312.png
313,Bâton,Commune,OBJETS,23,7,1,BONK,AUG,Cards/Commune/313.png
314,Boite aux lettres,Commune,OBJETS,23,18,9,Y a pas besoin ,AUG,Cards/Commune/314.png
315,Bol,Commune,OBJETS,36,20,2,C'est un récipient ,FG,Cards/Commune/315.png
316,Bouton,Commune,OBJETS,34,22,3,Permet de fermer la chemise,AUG,Cards/Commune/316.png
317,Brique,Commune,OBJETS,69,75,42,Bloc de terre cuite très lourd,Cacahouetes,Cards/Commune/317.png
318,Caca,Commune,OBJETS,0,0,0,Le caca c'est drôle,Gaëtan,Cards/Commune/318.png
319,Cacahouete,Commune,OBJETS,25,37,3,J'aime les cacahouetes,Cacahouetes,Cards/Commune/319.png
320,Cadenas,Commune,OBJETS,42,51,34,Dispositif en métal pour verrouiller l'accès,Cacahouetes,Cards/Commune/320.png
321,Caméra,Commune,OBJETS,20,27,32,Pour tout cinéphile,AUG,Cards/Commune/321.png
322,Canapé,Commune,OBJETS,52,34,31,Pour se prélasser,AUG,Cards/Commune/322.png
323,Carton,Commune,OBJETS,45,4,3,Peut servir de lit,AUG,Cards/Commune/323.png
324,Chaussette,Commune,OBJETS,20,9,8,Vêtement de pied cherchant souvent sa jumelle,Cacahouetes,Cards/Commune/324.png
325,Chiffon,Commune,OBJETS,15,10,3,Essuie tout,AUG,Cards/Commune/325.png
326,Cintre,Commune,OBJETS,33,11,2,Pour poser une chemise,FG,Cards/Commune/326.png
327,Ciseaux ,Commune,OBJETS,19,33,12,Bat la feuille ,FG,Cards/Commune/327.png
328,Clé USB de 4 Go,Commune,OBJETS,50,29,47,Petit support de stockage pour fichiers légers,Cacahouetes,Cards/Commune/328.png
329,Collier,Commune,OBJETS,10,10,10,Pour faire beau,AUG,Cards/Commune/329.png
330,Coussin,Commune,OBJETS,79,27,28,Sac de plumes moelleux pour se reposer,Cacahouetes,Cards/Commune/330.png
331,Déodorant,Commune,OBJETS,90,35,34,Pour les puants comme toi !,Cacahouetes,Cards/Commune/331.png
332,Élastique,Commune,OBJETS,37,8,2,C'est élastique,AUG,Cards/Commune/332.png
333,EPI,Commune,OBJETS,83,52,11,Protège l'individu ,FG,Cards/Commune/333.png
334,Fenêtre,Commune,OBJETS,41,23,20,Un courant d'air,AUG,Cards/Commune/334.png
335,Ferrero rocher,Commune,OBJETS,2,56,18, Hmmm c'est fort en chocolat,La pizzeria,Cards/Commune/335.png
336,Feuille,Commune,OBJETS,32,26,8,Bat la pierre ,FG,Cards/Commune/336.png
337,Fourchette,Commune,OBJETS,35,32,22,C'est bien pour manger,Cacahouetes,Cards/Commune/337.png
338,Frisbee,Commune,OBJETS,25,26,7,Disque en plastique planant dans l'air,Cacahouetes,Cards/Commune/338.png
339,Gourde,Commune,OBJETS,60,53,32,Récipient réutilisable pour transporter de l'eau,Cacahouetes,Cards/Commune/339.png
340,Huile de décoffrage ,Commune,OBJETS,25,15,17,Pour pas que ça colle sur les banches ,FG,Cards/Commune/340.png
341,Iphone,Commune,OBJETS,20,1,100,Tout dans la com,AUG,Cards/Commune/341.png
342,Jambon,Commune,OBJETS,37,50,5,Vous aimez le jambon ?,Cacahouetes,Cards/Commune/342.png
343,La bonne paye,Commune,OBJETS,42,28,17,Le célèbre jeu de société ,FG,Cards/Commune/343.png
344,Livre,Commune,OBJETS,65,40,20,Pour lire quoi,Cacahouetes,Cards/Commune/344.png
345,Lunette,Commune,OBJETS,43,20,36,Tu vois flou ?,AUG,Cards/Commune/345.png
346,Micro-onde,Commune,OBJETS,56,41,22,Four à cuisson très rapide,La pizzeria,Cards/Commune/346.png
347,Mouchoir,Commune,OBJETS,10,0,0,Utile avec le lubrifiant,AUG,Cards/Commune/347.png
348,Moustique ,Commune,OBJETS,0,0,0,Insupportable ,FG,Cards/Commune/348.png
349,Mug,Commune,OBJETS,15,11,100,Mug,FG,Cards/Commune/349.png
350,Oeil de boeuf ,Commune,OBJETS,41,2,3,Présent sur les portes d'appartement ,FG,Cards/Commune/350.png
351,Panneau publicitaire ,Commune,OBJETS,20,8,63,Achete ,FG,Cards/Commune/351.png
352,Papier toilette,Commune,OBJETS,64,24,6,Essuie ta merde,AUG,Cards/Commune/352.png
353,Peau de banane,Commune,OBJETS,3,0,0,Utile dans Mario kart ,FG,Cards/Commune/353.png
354,Peigne,Commune,OBJETS,23,20,25,Accessoire denté pour arranger la chevelure,Cacahouetes,Cards/Commune/354.png
355,Peigne pour chauve,Commune,OBJETS,5,9,4,Objet totalement inutile au quotidien,Cacahouetes,Cards/Commune/355.png
356,Pierre ,Commune,OBJETS,5,23,54,Bat les ciseaux ,FG,Cards/Commune/356.png
357,Pin's,Commune,OBJETS,3,13,8,Ça pique,AUG,Cards/Commune/357.png
358,Pince à linge,Commune,OBJETS,28,10,3,Outil de serrage pour suspendre le linge,Cacahouetes,Cards/Commune/358.png
359,Poids de 2.5kg Basic fit ,Commune,OBJETS,37,70,12,Ton pire cauchemar ,FG,Cards/Commune/359.png
360,Pommeau de douche connecté,Commune,OBJETS,17,57,63,Diffuseur d'eau intelligent mesurant la consommation,Cacahouetes,Cards/Commune/360.png
361,Porte,Commune,OBJETS,24,24,24,Une porte quoi,AUG,Cards/Commune/361.png
362,Poubelle,Commune,OBJETS,80,0,0,Pour stocker les déchets ,FG,Cards/Commune/362.png
363,Raviolis,Commune,OBJETS,14,60,6,Des pâtes,FG,Cards/Commune/363.png
364,Règle de 20cm,Commune,OBJETS,39,40,22,Outil plat pour tracer des traits droits,Cacahouetes,Cards/Commune/364.png
365,Sifflet en plastique,Commune,OBJETS,10,8,7,Petit objet produisant un son strident,Cacahouetes,Cards/Commune/365.png
366,Stylo,Commune,OBJETS,40,12,10,Permet d'écrire,Cacahouetes,Cards/Commune/366.png
367,Télécommande,Commune,OBJETS,37,40,19,Boîtier pour contrôler l'écran de loin,Cacahouetes,Cards/Commune/367.png
368,Tête brulée,Commune,OBJETS,3,17,4,Le bonbon qui pique,FG,Cards/Commune/368.png
369,Tournevis plat,Commune,OBJETS,26,25,21,Complète le tournevis cruciforme ,FG,Cards/Commune/369.png
370,Trombone,Commune,OBJETS,15,12,6,Fil de fer plié liant les feuilles,Cacahouetes,Cards/Commune/370.png
371,Valise,Commune,OBJETS,20,20,10,Un sac avec des roulettes pour les vacances,AUG,Cards/Commune/371.png
372,Yaourt,Commune,OBJETS,10,15,17,Produit laitier fermenté à déguster frais,Cacahouetes,Cards/Commune/372.png
373,Airbag,Rare,OBJETS,95,56,56,Amorti les chocs,FG,Cards/Rare/373.png
374,Appareil photo,Rare,OBJETS,75,64,66,Boîtier capturant des instants pour l'éternité,Cacahouetes,Cards/Rare/374.png
375,Banane,Rare,OBJETS,12,12,12,Fruit jaune courbé riche en potassium,Cacahouetes,Cards/Rare/375.png
376,Batterie externe,Rare,OBJETS,61,32,65,Réserve d'énergie pour vos appareils nomades,Cacahouetes,Cards/Rare/376.png
377,Boussole,Rare,OBJETS,73,75,43,Instrument magnétique indiquant toujours le nord,Cacahouetes,Cards/Rare/377.png
378,Brosse à chiotte ,Rare,OBJETS,68,0,3,Utile pour enlever les traces de frein ,FG,Cards/Rare/378.png
379,Camion benne 6x4,Rare,OBJETS,70,70,70,Présent sur tous les chantiers ,FG,Cards/Rare/379.png
380,Carte,Rare,OBJETS,50,21,9,Pratique mais pas compréhensible,AUG,Cards/Rare/380.png
381,Chaise,Rare,OBJETS,65,50,45,Une chaise c'est bien,Cacahouetes,Cards/Rare/381.png
382,Chargeur,Rare,OBJETS,80,20,30,Pour charger des objets,AUG,Cards/Rare/382.png
383,Chronomètre,Rare,OBJETS,43,64,41,Calcule de vma,AUG,Cards/Rare/383.png
384,Clavier Keychron K10 V2 ISO,Rare,OBJETS,80,92,50,Mon clavier au layout iso avec des switches rouge,Rexso,Cards/Rare/384.png
385,Compteur Geiger ,Rare,OBJETS,53,65,39,Détecte la radioactivité ,FG,Cards/Rare/385.png
386,Dentifrice ,Rare,OBJETS,74,53,10,Avec une brosse à dents ,FG,Cards/Rare/386.png
387,Drone,Rare,OBJETS,37,65,75,Engin volant piloté par une commande,Cacahouetes,Cards/Rare/387.png
388,Fauteuil roulant ,Rare,OBJETS,77,51,62,Paraplégique ,FG,Cards/Rare/388.png
389,Frein,Rare,OBJETS,50,67,34,Arrête une voiture,AUG,Cards/Rare/389.png
390,Horloge trigonométrique ,Rare,OBJETS,0,80,20,Tourne en sens trigonométrique ,FG,Cards/Rare/390.png
391,Interrupteur différentiel ,Rare,OBJETS,53,75,74,Contrôle le courant ,FG,Cards/Rare/391.png
392,Kettlebell de 24kg,Rare,OBJETS,45,60,72,Une kettlebell qui pèse 24000 grammes,Rexso,Cards/Rare/392.png
393,Le jeu de plateau Jumanji,Rare,OBJETS,37,50,55,Jumanji,Cacahouetes,Cards/Rare/393.png
394,Logitech G Pro X,Rare,OBJETS,35,55,62,Le meilleur casque sans fil,Cacahouetes,Cards/Rare/394.png
395,Logitech G502,Rare,OBJETS,40,47,50,La meilleure souris,Cacahouetes,Cards/Rare/395.png
396,Montre Suisse,Rare,OBJETS,13,96,90,Je possède des thunes ouais,FG,Cards/Rare/396.png
397,Multi-prise,Rare,OBJETS,75,42,31,Permet de brancher plusieurs chose,AUG,Cards/Rare/397.png
398,Netherite,Rare,OBJETS,50,42,60,La netherite c'est cool,Cacahouetes,Cards/Rare/398.png
399,Numworks,Rare,OBJETS,35,45,37,La meilleure calculatrice pour la spé maths,Cacahouetes,Cards/Rare/399.png
400,Peinture ,Rare,OBJETS,26,55,67,Peut colorier n'importe quoi ,FG,Cards/Rare/400.png
401,Pogo Stick,Rare,OBJETS,50,66,26,L'objet le plus cool de la liste ,FG,Cards/Rare/401.png
402,RAM,Rare,OBJETS,31,51,99,Cher,FG,Cards/Rare/402.png
403,Réveil,Rare,OBJETS,80,25,37,Machine infernale pour interrompre le sommeil,Cacahouetes,Cards/Rare/403.png
404,Rubik's Cube,Rare,OBJETS,40,37,25,Permet de passer le temps,Cacahouetes,Cards/Rare/404.png
405,Sablier,Rare,OBJETS,28,41,27,Objet mesurant le temps par le sable,Cacahouetes,Cards/Rare/405.png
406,Talkie-walkie,Rare,OBJETS,56,57,53,Appareil pour communiquer à distance sans fil,Cacahouetes,Cards/Rare/406.png
407,Télévision,Rare,OBJETS,50,40,30,Un grand téléphone,AUG,Cards/Rare/407.png
408,Tractopelle ,Rare,OBJETS,69,75,72,Présent sur tous les chantiers ,FG,Cards/Rare/408.png
409,Train,Rare,OBJETS,59,16,63,Te déplace d'un point à un autre,AUG,Cards/Rare/409.png
410,Tuff,Rare,OBJETS,25,22,30,Trop tuff,Cacahouetes,Cards/Rare/410.png
411,Ventilateur,Rare,OBJETS,64,23,17,Le S tier en été,AUG,Cards/Rare/411.png
412,Vif d'or,Rare,OBJETS,37,50,52,Le truc doré qui vole,Cacahouetes,Cards/Rare/412.png
413,Cape d'invisibilité,Épique,OBJETS,65,50,60,Une cape qui te rends invisible,Cacahouetes,Cards/Épique/413.png
414,Émeraude ,Épique,OBJETS,98,74,67,Bah émeraude quoi. Fin les gaaars,FG,Cards/Épique/414.png
415,Épée de légende,Épique,OBJETS,52,80,85,L'arme signature de Link,Cacahouetes,Cards/Épique/415.png
416,Étoile de mario,Épique,OBJETS,45,64,53,*Son d'une étoile.mp3*,AUG,Cards/Épique/416.png
417,Flex tape,Épique,OBJETS,54,99,33,Toujours plus,FG,Cards/Épique/417.png
418,Fluide non Newtonien,Épique,OBJETS,78,94,17,Liquide et solide en même temps ,FG,Cards/Épique/418.png
419,Glock,Épique,OBJETS,23,72,48,Dans ma poche j'ai un glock,FG,Cards/Épique/419.png
420,Grappin,Épique,OBJETS,68,72,35,L'ascenseur marche pu,AUG,Cards/Épique/420.png
421,Hoverboard,Épique,OBJETS,50,60,60,Skateboard futuriste flottant au-dessus du sol,Cacahouetes,Cards/Épique/421.png
422,L'Arkenstone,Épique,OBJETS,5,100,100,Pierre précieuse unique façonnée par les Nains,Cacahouetes,Cards/Épique/422.png
423,La climatisation,Épique,OBJETS,76,43,51,Le goat en été,AUG,Cards/Épique/423.png
424,La master ball,Épique,OBJETS,65,55,85,Capture n'importe quel pokémon ,Cacahouetes,Cards/Épique/424.png
425,Le chocolat chaud d'axel,Épique,OBJETS,90,50,10,Plus puissant que la bombe nucléaire,Hugo,Cards/Épique/425.png
426,Le Tesseract,Épique,OBJETS,55,80,90,Le cube bleu de mavel,Cacahouetes,Cards/Épique/426.png
427,PC,Épique,OBJETS,100,69,73,Poste de commandement,AUG,Cards/Épique/427.png
428,Portal Gun,Épique,OBJETS,60,57,52,Un pistolet à portail,Cacahouetes,Cards/Épique/428.png
429,Sabre laser,Épique,OBJETS,67,67,67,Un sabre laser de star wars,Cacahouetes,Cards/Épique/429.png
430,Spas-12,Épique,OBJETS,23,67,67,Il met une balle à 67,FG,Cards/Épique/430.png
431,Stormbreaker,Épique,OBJETS,69,71,73,La hache de Thor,Cacahouetes,Cards/Épique/431.png
432,Superconducteur Hg-1212,Épique,OBJETS,5,95,99,Un superconducteur de formule HgBA2CaCu206,Rexso,Cards/Épique/432.png
433,DeLorean DMC-12,Légendaire,OBJETS,75,70,67,La voiture de retour vers le futur,Cacahouetes,Cards/Légendaire/433.png
434,Dragon Balls,Légendaire,OBJETS,85,90,100,Shenron est tout puissant !,Cacahouetes,Cards/Légendaire/434.png
435,Épée niveau 2,Légendaire,OBJETS,15,97,91,Une supeeerbe.. Épée niveau 2 !!,FG,Cards/Légendaire/435.png
436,L'anneau unique,Légendaire,OBJETS,80,80,80,Mon précieux !,Cacahouetes,Cards/Légendaire/436.png
437,Le miroir du Riséd,Légendaire,OBJETS,61,80,75,Il reflète les désirs les plus profonds,Cacahouetes,Cards/Légendaire/437.png
438,Mjölnir,Légendaire,OBJETS,88,67,80,Le marteau de Thor,Cacahouetes,Cards/Légendaire/438.png
439,Pierre philosophale,Légendaire,OBJETS,80,63,72,La quoi ?!,Cacahouetes,Cards/Légendaire/439.png
440,Rokakaka fruit,Légendaire,OBJETS,90,58,99,Permet l'échange équivalent,FG,Cards/Légendaire/440.png
441,RTX 6070,Légendaire,OBJETS,72,90,90,Too much power !,Cacahouetes,Cards/Légendaire/441.png
442,Saint Kebab Frites,Légendaire,OBJETS,76,99,98,Un artefact légendaire ,FG,Cards/Légendaire/442.png
443,Saturn V,Légendaire,OBJETS,90,95,96,À servi à aller sur la Lune,FG,Cards/Légendaire/443.png
444,Triforce,Légendaire,OBJETS,80,90,99,"Relique sacrée créée par Din, Nayru et Farore",Cacahouetes,Cards/Légendaire/444.png
445,Death note,Mythique,OBJETS,80,100,100,Pour faire le crime parfait ,FG,Cards/Mythique/445.png
446,Excalibur ,Mythique,OBJETS,50,100,100,Une épée légendaire ,FG,Cards/Mythique/446.png
447,Faucon Millenium ,Mythique,OBJETS,66,100,100,Le vaisseau le plus rapide ,FG,Cards/Mythique/447.png
448,Gant de l'infini ,Mythique,OBJETS,100,97,99,Parmi les objets les plus OP,FG,Cards/Mythique/448.png
449,ISS,Mythique,OBJETS,100,95,100,La fine fleure des objets techniques,FG,Cards/Mythique/449.png
450,La Boîte de Pandore,Mythique,OBJETS,5,90,95,Relique antique contenant tous les maux,Cacahouetes,Cards/Mythique/450.png
451,Lampe Merveilleuse,Mythique,OBJETS,100,85,100,Tu as 3 vœux ,FG,Cards/Mythique/451.png
452,Time Machine,Mythique,OBJETS,95,85,95,Permet de voyager dans le temps,Cacahouetes,Cards/Mythique/452.png
453,Super Dragon Balls,Unique,OBJETS,100,100,100,Super Shenron est invincible,Cacahouetes,Cards/Unique/453.png
454,92i,Commune,PERSONNAGES,9,17,92,Chacun ses goûts ,La pizzeria,Cards/Commune/454.png
455,Ashton Hall,Commune,PERSONNAGES,43,8,12,Il plonge sa tête dans un bol de glaçons ,FG,Cards/Commune/455.png
456,Asterion,Commune,PERSONNAGES,25,17,10,💀,FG,Cards/Commune/456.png
457,Bouboulboy,Commune,PERSONNAGES,13,0,0,Vraiment un bouffon ce type,Utmost,Cards/Commune/457.png
458,Captain America,Commune,PERSONNAGES,43,34,68,Le cul de l'Amerique,AUG,Cards/Commune/458.png
459,Carlo Tentacule,Commune,PERSONNAGES,19,34,20,Un calmar,AUG,Cards/Commune/459.png
460,Casper,Commune,PERSONNAGES,33,33,0,C'est le fantôme ,FG,Cards/Commune/460.png
461,Danny DeVito,Commune,PERSONNAGES,12,38,12,Un petit gros,AUG,Cards/Commune/461.png
462,Dory,Commune,PERSONNAGES,2,0,3,Un poisson bleu,AUG,Cards/Commune/462.png
463,Dumbledore,Commune,PERSONNAGES,29,38,16,Il dort,AUG,Cards/Commune/463.png
464,Édouard Philippe,Commune,PERSONNAGES,21,68,51,L'ancien premier ministre,La pizzeria,Cards/Commune/464.png
465,Femme de ménage,Commune,PERSONNAGES,10,25,6,Le rôle d'une femme,AUG,Cards/Commune/465.png
466,François Hollande ,Commune,PERSONNAGES,0,2,1,Flambi,FG,Cards/Commune/466.png
467,Fredy Krueger,Commune,PERSONNAGES,34,29,0,Il fait chaud,AUG,Cards/Commune/467.png
468,Gameur,Commune,PERSONNAGES,3,2,0,Passe plus de temps à rager qu'à jouer ,FG,Cards/Commune/468.png
469,Gandalf,Commune,PERSONNAGES,30,40,50,Vous ne passerez pas,AUG,Cards/Commune/469.png
470,Gargamel,Commune,PERSONNAGES,12,2,1,Uneee coupe mais vraimennnnt,AUG,Cards/Commune/470.png
471,Godzilla,Commune,PERSONNAGES,53,2,59,Un gors lézard,AUG,Cards/Commune/471.png
472,Gollum,Commune,PERSONNAGES,1,1,1,Mon précieux,AUG,Cards/Commune/472.png
473,Greta Thunberg,Commune,PERSONNAGES,20,35,14, Elle est écologiste,La pizzeria,Cards/Commune/473.png
474,Gru,Commune,PERSONNAGES,81,76,8, Il a volé la Lune,La pizzeria,Cards/Commune/474.png
475,Gumball,Commune,PERSONNAGES,3,27,1, Le Monde Incroyable de Gumball,La pizzeria,Cards/Commune/475.png
476,Gymbro,Commune,PERSONNAGES,80,30,14,Il te tire vers le haut ,FG,Cards/Commune/476.png
477,Hello Kitty,Commune,PERSONNAGES,2,1,3,Un chat blanc humaniser,AUG,Cards/Commune/477.png
478,Hugo décrypte,Commune,PERSONNAGES,31,76,53, La seule vraie source d'information,La pizzeria,Cards/Commune/478.png
479,James Bond,Commune,PERSONNAGES,21,43,62,007,AUG,Cards/Commune/479.png
480,Jar Jar Binks,Commune,PERSONNAGES,12,15,3,Un Gungan,AUG,Cards/Commune/480.png
481,Jiminy cricket,Commune,PERSONNAGES,1,1,1,Auteur des Aventures de Pinocchio,AUG,Cards/Commune/481.png
482,Joker,Commune,PERSONNAGES,20,19,23,Society,AUG,Cards/Commune/482.png
483,Karen,Commune,PERSONNAGES,6,3,56,Je veux parler au manager,FG,Cards/Commune/483.png
484,Kikou,Commune,PERSONNAGES,0,0,0,C'est marrant quand il se fait troller,FG,Cards/Commune/484.png
485,King Kong,Commune,PERSONNAGES,53,2,59,Un gros gorille,AUG,Cards/Commune/485.png
486,Le chauffeur de bus ,Commune,PERSONNAGES,23,22,31,Prend des virages plus étroit que son 40 tonnes,FG,Cards/Commune/486.png
487,Le clown de la classe ,Commune,PERSONNAGES,11,5,69,Chaque classe en a un,FG,Cards/Commune/487.png
488,Le copaing,Commune,PERSONNAGES,20,20,20,Le copaing quoi !!,AUG,Cards/Commune/488.png
489,Le député ,Commune,PERSONNAGES,5,0,15,Ils vivent dans un autre monde ,FG,Cards/Commune/489.png
490,Le gilet jaune,Commune,PERSONNAGES,65,30,22, Macron démission,La pizzeria,Cards/Commune/490.png
491,Le prof,Commune,PERSONNAGES,14,53,9,5 > 8,AUG,Cards/Commune/491.png
492,Le random,Commune,PERSONNAGES,8,12,0,Un mec random,Cacahouetes,Cards/Commune/492.png
493,Le vendeur,Commune,PERSONNAGES,29,17,23,Conseil mal,AUG,Cards/Commune/493.png
494,Le voisin,Commune,PERSONNAGES,32,43,37,Bruyant,AUG,Cards/Commune/494.png
495,Les arabes,Commune,PERSONNAGES,24,13,35,BOUM,AUG,Cards/Commune/495.png
496,Loki,Commune,PERSONNAGES,22,50,13,Il a des cornes,AUG,Cards/Commune/496.png
497,Lord Voldemort,Commune,PERSONNAGES,45,12,1,Je t'ai volé ton nez,AUG,Cards/Commune/497.png
498,Lucky Luke,Commune,PERSONNAGES,45,45,45,L'homme qui tire plus vite que son ombre ,FG,Cards/Commune/498.png
499,Mbappé,Commune,PERSONNAGES,34,23,67,Le football il a changé,Utmost,Cards/Commune/499.png
500,Michael Jackson ,Commune,PERSONNAGES,22,44,95,Vit actuellement sur Venus,FG,Cards/Commune/500.png
501,Mon talking Tom,Commune,PERSONNAGES,20,17,19,Le chat qui parle tout le temps,Cacahouetes,Cards/Commune/501.png
502,Moustique du lac du Der,Commune,PERSONNAGES,80,2,0,Ils sont très puissant on les voit de loin ceux là,Utmost,Cards/Commune/502.png
503,N'golo Kanté,Commune,PERSONNAGES,47,39,86, N'golo Comté,La pizzeria,Cards/Commune/503.png
504,Nerd,Commune,PERSONNAGES,7,98,0,"Hmmhm, actually",FG,Cards/Commune/504.png
505,Nietzsche,Commune,PERSONNAGES,9,69,29, Un philosophe avec une grosse moustache,La pizzeria,Cards/Commune/505.png
506,NPC,Commune,PERSONNAGES,26,13,0,"Bah, un non joueur",FG,Cards/Commune/506.png
507,Ohne Pixel,Commune,PERSONNAGES,4,8,3,GOLD GOLD GOLD,Utmost,Cards/Commune/507.png
508,Orelsan,Commune,PERSONNAGES,38,52,27,Le chanteur qui chante,La pizzeria,Cards/Commune/508.png
509,Palpatine,Commune,PERSONNAGES,35,34,8,Il est moche,AUG,Cards/Commune/509.png
510,Pierre Chabrier,Commune,PERSONNAGES,0,0,0, Le Comte de Menthe et Cristaux,La pizzeria,Cards/Commune/510.png
511,Rémy,Commune,PERSONNAGES,10,10,10,Un cuisto,AUG,Cards/Commune/511.png
512,Shigechi,Commune,PERSONNAGES,40,7,2,Peu de gens l'aime mais il reste un héro,Utmost,Cards/Commune/512.png
513,Shrek,Commune,PERSONNAGES,63,40,2, L'ogre des marais,La pizzeria,Cards/Commune/513.png
514,Soldat,Commune,PERSONNAGES,60,10,26,Obéit ,FG,Cards/Commune/514.png
515,Spider-man,Commune,PERSONNAGES,16,37,47,L'homme araignée,AUG,Cards/Commune/515.png
516,Super nana,Commune,PERSONNAGES,3,3,3,"Elle sont 3, un pour chaque",AUG,Cards/Commune/516.png
517,Tim Curry,Commune,PERSONNAGES,12,34,9,Je préfère le paprika,AUG,Cards/Commune/517.png
518,Totally Spies,Commune,PERSONNAGES,34,45,37,Vous vous êtes fait woopé,AUG,Cards/Commune/518.png
519,Trump,Commune,PERSONNAGES,34,0,10,Le président des Etats-Unis,AUG,Cards/Commune/519.png
520,Wall-E,Commune,PERSONNAGES,12,2,5,Un robot nettoyeur,AUG,Cards/Commune/520.png
521,Waluigi,Commune,PERSONNAGES,18,16,1,Il n'est pas dans smash,FG,Cards/Commune/521.png
522,Winx,Commune,PERSONNAGES,12,23,26,Elles ont des ailes,AUG,Cards/Commune/522.png
523,Xavier Niel,Commune,PERSONNAGES,17,78,20,Le boss du luxe,La pizzeria,Cards/Commune/523.png
524,AD Laurent,Rare,PERSONNAGES,60,52,84,23,La pizzeria,Cards/Rare/524.png
525,Adam,Rare,PERSONNAGES,9,100,53,Ce mec est trop chaud,FG,Cards/Rare/525.png
526,Adolphe Thiers,Rare,PERSONNAGES,25,12,12,L'autre,alpikespot,Cards/Rare/526.png
527,Akinator,Rare,PERSONNAGES,8,93,42,Lit dans les pensées,FG,Cards/Rare/527.png
528,Astolfo,Rare,PERSONNAGES,2,64,26,Le best femboy,FG,Cards/Rare/528.png
529,Axel P,Rare,PERSONNAGES,20,100,1,Le PNJ parmis les PNJ,Cacahouetes,Cards/Rare/529.png
530,Batman,Rare,PERSONNAGES,65,58,61,I am the shadow,AUG,Cards/Rare/530.png
531,Bill Crypto,Rare,PERSONNAGES,74,52,45,L'illuminatie,AUG,Cards/Rare/531.png
532,Bob l'éponge ,Rare,PERSONNAGES,100,2,5,Il vit dans un ananas dans la mer,FG,Cards/Rare/532.png
533,Bonclay,Rare,PERSONNAGES,56,74,82,Le goat parmis les GOAT,Utmost,Cards/Rare/533.png
534,Bugs Bunny ,Rare,PERSONNAGES,21,64,58,Quoi de neuf docteur ?,FG,Cards/Rare/534.png
535,Buzz l'éclair,Rare,PERSONNAGES,4,35,50,Vers l'infini et au-delà,AUG,Cards/Rare/535.png
536,Dark Vador,Rare,PERSONNAGES,78,32,99,Respire,AUG,Cards/Rare/536.png
537,Dracula,Rare,PERSONNAGES,83,75,65,Le père des vampires,La pizzeria,Cards/Rare/537.png
538,Elon Musk,Rare,PERSONNAGES,30,67,12,À détruit twitter,AUG,Cards/Rare/538.png
539,Gabriel Ultrakill,Rare,PERSONNAGES,69,70,89,GAY,Rexso,Cards/Rare/539.png
540,Geralt de riv,Rare,PERSONNAGES,74,43,76,Long cheveux blancs,AUG,Cards/Rare/540.png
541,Indiana Jones,Rare,PERSONNAGES,45,34,62,Un aventurier et un prof en archéologie,AUG,Cards/Rare/541.png
542,Jack Sparrow,Rare,PERSONNAGES,42,37,68,"""Captain""",AUG,Cards/Rare/542.png
543,Jackie Chan,Rare,PERSONNAGES,90,82,65, Une légende vivante,La pizzeria,Cards/Rare/543.png
544,Katniss Everdeen,Rare,PERSONNAGES,34,86,68,Siflement,AUG,Cards/Rare/544.png
545,Kochō Shinobu ,Rare,PERSONNAGES,7,88,55,La best waifu de demon slayer,FG,Cards/Rare/545.png
546,L'oncle Goat,Rare,PERSONNAGES,45,21,98,C'est le goaaaaaat,La pizzeria,Cards/Rare/546.png
547,L'oncle raciste,Rare,PERSONNAGES,78,2,21,On en un tous un,Cacahouetes,Cards/Rare/547.png
548,La panthère rose,Rare,PERSONNAGES,34,56,63,*Musique panthère rose.mp3*,AUG,Cards/Rare/548.png
549,Le coach en charisme ,Rare,PERSONNAGES,50,33,100,L'homme le plus charismatique au monde ,FG,Cards/Rare/549.png
550,Le Grinche,Rare,PERSONNAGES,20,17,12,Il veut gâcher Noël,AUG,Cards/Rare/550.png
551,Le loup,Rare,PERSONNAGES,53,31,48,Je suis le mal aimé,AUG,Cards/Rare/551.png
552,Les parents,Rare,PERSONNAGES,45,53,58,C'est la vie,AUG,Cards/Rare/552.png
553,Lloyd,Rare,PERSONNAGES,75,22,45,Le ninja vert,FG,Cards/Rare/553.png
554,Megamind,Rare,PERSONNAGES,67,91,43, L'ennemi de Metroman,La pizzeria,Cards/Rare/554.png
555,Obélix,Rare,PERSONNAGES,100,5,32,Tomber dans la marmite,AUG,Cards/Rare/555.png
556,Oussama Ammar,Rare,PERSONNAGES,60,21,43, Le plus gros menteur,La pizzeria,Cards/Rare/556.png
557,Rimbaud,Rare,PERSONNAGES,26,56,47,Le gayyyyyyyy,AUG,Cards/Rare/557.png
558,Rocky Balboa,Rare,PERSONNAGES,74,59,76,There is no tomorrow,AUG,Cards/Rare/558.png
559,Saitama ,Rare,PERSONNAGES,100,12,0,ONE PUUUUUNCH,FG,Cards/Rare/559.png
560,Steve Jobs,Rare,PERSONNAGES,45,82,65,Fondateur d'apple,Cacahouetes,Cards/Rare/560.png
561,Thomas Shelby,Rare,PERSONNAGES,45,70,69,Le style à l'état pur,AUG,Cards/Rare/561.png
562,Tintin,Rare,PERSONNAGES,30,53,23,Il est où Milou,AUG,Cards/Rare/562.png
563,V1,Rare,PERSONNAGES,95,50,0,C'est V1 Ultratuer,Renfeld,Cards/Rare/563.png
564, Kim Jong Un,Épique,PERSONNAGES,89,50,30, La Corée du Nord c'est le meilleur pays,La pizzeria,Cards/Épique/564.png
565,Albert Einstein,Épique,PERSONNAGES,30,99,34,E=mc²,Cacahouetes,Cards/Épique/565.png
566,Arnold Schwarzenegger,Épique,PERSONNAGES,100,73,99,Golden genetic,FG,Cards/Épique/566.png
567,Axel Hubert ,Épique,PERSONNAGES,69,23,88,Il a Ratio la Naza,FG,Cards/Épique/567.png
568,Danielou,Épique,PERSONNAGES,79,30,56, Il chasse les titans,La pizzeria,Cards/Épique/568.png
569,Davy Jones,Épique,PERSONNAGES,50,63,79,Meilleure CGI de film,AUG,Cards/Épique/569.png
570,Hugo Hubert ,Épique,PERSONNAGES,69,23,88,Il coute 8 elexir,FG,Cards/Épique/570.png
571,Jack,Épique,PERSONNAGES,50,85,20,C'est un clanker qui fait du parkour,Rexso,Cards/Épique/571.png
572,Jeffrey Epstein,Épique,PERSONNAGES,80,59,82,Une légende dans son domaine... Il porte le quarter Zip.,Utmost,Cards/Épique/572.png
573,Le rat,Épique,PERSONNAGES,64,73,23,"Discret, prudent, intelligent et très proche de l'homme",AUG,Cards/Épique/573.png
574,Marie Curie,Épique,PERSONNAGES,14,98,23,La goat de la science,AUG,Cards/Épique/574.png
575,Nathan,Épique,PERSONNAGES,32,51,47,Nathan c'est moi,Cacahouetes,Cards/Épique/575.png
576,NCR Ranger 6 ,Épique,PERSONNAGES,60,33,100,Le perso principal de Fallout: New Vegas,Renfeld,Cards/Épique/576.png
577,Picsou,Épique,PERSONNAGES,90,82,79,Le plus riche des canards,AUG,Cards/Épique/577.png
578,Sans,Épique,PERSONNAGES,92,35,76,Il adooore le ketchup,Utmost,Cards/Épique/578.png
579,Sherlock Holmes,Épique,PERSONNAGES,54,99,73,221B Baker Street,AUG,Cards/Épique/579.png
580,Squeezie,Épique,PERSONNAGES,63,80,67,N°2 de youtube France...,AUG,Cards/Épique/580.png
581,Thomas Deseur,Épique,PERSONNAGES,3,86,99,L'humoriste dans le crew d'Amixem,FG,Cards/Épique/581.png
582,Victor Wembanyama,Épique,PERSONNAGES,95,76,71,Un véritable alien de 2m30,Utmost,Cards/Épique/582.png
583,Xi Jimping,Épique,PERSONNAGES,99,66,87,Gloire à l'Omerta chinoise,La pizzeria,Cards/Épique/583.png
584,Fafa le fou,Légendaire,PERSONNAGES,45,97,42,Le goat de la NSI,AUG,Cards/Légendaire/584.png
585,Gaëtan,Légendaire,PERSONNAGES,69,67,50,L'homme nucléaire,Cacahouetes,Cards/Légendaire/585.png
586,Goku,Légendaire,PERSONNAGES,100,52,73,L'homme le plus puissant de l'univers,Utmost,Cards/Légendaire/586.png
587,Jesus Christ,Légendaire,PERSONNAGES,69,69,69,Aimez vous les uns les autres,FG,Cards/Légendaire/587.png
588,JoJo,Légendaire,PERSONNAGES,100,80,100,À chacun son JoJo qu'il veut y voir,Utmost,Cards/Légendaire/588.png
589,L'avatar,Légendaire,PERSONNAGES,90,45,60, Le maitre des 4 éléments,La pizzeria,Cards/Légendaire/589.png
590,La reine Elizabeth II,Légendaire,PERSONNAGES,89,45,93, Tu sais c'est qui,La pizzeria,Cards/Légendaire/590.png
591,LeBron James,Légendaire,PERSONNAGES,99,97,100,Prime LeBron solo tout les verses,Utmost,Cards/Légendaire/591.png
592,Morgan Freeman ,Légendaire,PERSONNAGES,82,85,97,Un acteur légendaire ,FG,Cards/Légendaire/592.png
593,Napoléon,Légendaire,PERSONNAGES,83,87,100,Dans mon esprit tout divague...,AUG,Cards/Légendaire/593.png
594,Simo Häyhä,Légendaire,PERSONNAGES,100,80,74,No hit un dieu,AUG,Cards/Légendaire/594.png
595,Zywoo,Légendaire,PERSONNAGES,98,94,56,Le GOAT de Counter Strike,Utmost,Cards/Légendaire/595.png
596,Eva Elfie,Mythique,PERSONNAGES,38,89,100,La best,FG,Cards/Mythique/596.png
597,Hitler,Mythique,PERSONNAGES,89,72,100,L'antisémite original,Cacahouetes,Cards/Mythique/597.png
598,Jamy Gourmand,Mythique,PERSONNAGES,67,100,67,Mais OUI Jamy,Cacahouetes,Cards/Mythique/598.png
599,Monkey.D.Luffy,Mythique,PERSONNAGES,98,35,87,Le future roi des pirates,Utmost,Cards/Mythique/599.png
600,RNGesus,Mythique,PERSONNAGES,100,57,100,Le dieu de la RNG,Cacahouetes,Cards/Mythique/600.png
601,Speedwagon,Mythique,PERSONNAGES,85,85,100,La best waifu,Cacahouetes,Cards/Mythique/601.png
602,Steve,Mythique,PERSONNAGES,100,100,85,Steve dans Minecraft,Cacahouetes,Cards/Mythique/602.png
603,Technoblade,Mythique,PERSONNAGES,100,100,95,Technoblade never die 😭🕊️,Cacahouetes,Cards/Mythique/603.png
604,Chuck Norris,Unique,PERSONNAGES,101,100,100,Il sait diviser par 0,Cacahouetes,Cards/Unique/604.png
605,4,Commune,CONCEPTS,4,4,4,Ça porte malheur au Japon ,FG,Cards/Commune/605.png
606,"1, 2, 3, soleil",Commune,CONCEPTS,48,1,51,C'est le jeu dans Squid Game,FG,Cards/Commune/606.png
607,Abduction,Commune,CONCEPTS,34,23,13,Réduction relative de l'incertitude,AUG,Cards/Commune/607.png
608,Absurbe,Commune,CONCEPTS,21,34,18,Une idée ou un concept dont l'existence paraît injustifiée,AUG,Cards/Commune/608.png
609,Addiction,Commune,CONCEPTS,100,3,56,Dépendance compulsive à quelque chose de psychoactif,FG,Cards/Commune/609.png
610,Affection,Commune,CONCEPTS,24,13,45,"Sentiment d'amitié, de tendresse d'attachement pour quelqu'un",AUG,Cards/Commune/610.png
611,Altérité,Commune,CONCEPTS,32,19,57,"État, qualité de ce qui est autre, distinct",AUG,Cards/Commune/611.png
612,Analyse,Commune,CONCEPTS,43,34,21,Résolution rigoureuse d'un problème,AUG,Cards/Commune/612.png
613,Animal-machine,Commune,CONCEPTS,54,4,37,"Les animaux seraient dépourvues de conscience, de pensée et d'âme",AUG,Cards/Commune/613.png
614,Antinomie,Commune,CONCEPTS,23,45,49,Contradiction entre deux propositions de significations opposées,AUG,Cards/Commune/614.png
615,Astrologie ,Commune,CONCEPTS,24,56,72,Croyez-vous aux horoscopes ?,FG,Cards/Commune/615.png
616,Attribut,Commune,CONCEPTS,24,35,17, Un terme que l'on affirme ou que l'on nie d'un sujet,AUG,Cards/Commune/616.png
617,Avortement ,Commune,CONCEPTS,33,26,44,Permet de contrer les grossesses indésirées ,FG,Cards/Commune/617.png
618,Bonheur,Commune,CONCEPTS,38,26,34,État de satisfaction stable et durable,AUG,Cards/Commune/618.png
619,Cannibalisme ,Commune,CONCEPTS,12,4,3,Manger sa propre espèce ,FG,Cards/Commune/619.png
620,Causalité,Commune,CONCEPTS,16,23,53,Tout phénomène a une cause,AUG,Cards/Commune/620.png
621,ChatGPT,Commune,CONCEPTS,5,88,23,Nous a aidé pour ce projet,FG,Cards/Commune/621.png
622,Clonage,Commune,CONCEPTS,2,13,42,Duplication glitch ?!,FG,Cards/Commune/622.png
623,Complexité,Commune,CONCEPTS,17,56,34,Ce n'est pas sur les individus mais sur les rapports entre ces individus,AUG,Cards/Commune/623.png
624,Conjonction de coordination ,Commune,CONCEPTS,61,1,6,Mais ou et or ni car,FG,Cards/Commune/624.png
625,Contingence,Commune,CONCEPTS,24,27,36,Désigne la qualité de ce qui peut être ou ne pas être,AUG,Cards/Commune/625.png
626,Créativité,Commune,CONCEPTS,26,47,75,"Capacité, faculté d'invention, d'imagination ; pouvoir créateur",AUG,Cards/Commune/626.png
627,Déduction,Commune,CONCEPTS,6,14,68,On parle de déduction pour désigner tout type d'inférence,AUG,Cards/Commune/627.png
628,Démonstration,Commune,CONCEPTS,47,28,16,Action qui consiste à démontrer quelque chose,AUG,Cards/Commune/628.png
629,Dépression ,Commune,CONCEPTS,28,82,31,Je ne suis qu'une merde ,FG,Cards/Commune/629.png
630,Derby,Commune,CONCEPTS,40,81,39, Des voitures et des explosions,La pizzeria,Cards/Commune/630.png
631,Désir,Commune,CONCEPTS,34,46,12,"Action de désirer, d'aspirer à avoir, à obtenir, à faire quelque chose",AUG,Cards/Commune/631.png
632,Devoir,Commune,CONCEPTS,27,38,6,"Être tenu, obligé, de faire quelque chose pour quelqu'un",AUG,Cards/Commune/632.png
633,Doomscroll,Commune,CONCEPTS,2,1,31,Hop on the Gram' bro,Utmost,Cards/Commune/633.png
634,Doxa,Commune,CONCEPTS,75,63,95,L'ensemble des opinions couramment admises,AUG,Cards/Commune/634.png
635,Écologie ,Commune,CONCEPTS,58,5,16,Le carton dans la poubelle jaune ,FG,Cards/Commune/635.png
636,Espace,Commune,CONCEPTS,34,25,13,Somme des lieux occupés par des corps dans lequel le vide est exclu,AUG,Cards/Commune/636.png
637,Euthanasie ,Commune,CONCEPTS,14,5,63,Un meutre demandé poliment ,FG,Cards/Commune/637.png
638,Existence,Commune,CONCEPTS,45,21,45,"Le fait d'être, indépendamment de toute connaissance possible",AUG,Cards/Commune/638.png
639,Expérience,Commune,CONCEPTS,32,45,34,"Action d'essayer quelque chose, de mettre à l'essai un système",AUG,Cards/Commune/639.png
640,Harmonie,Commune,CONCEPTS,12,37,52,"L’accord, la concordance ou la proportion entre des éléments",AUG,Cards/Commune/640.png
641,Ignorance,Commune,CONCEPTS,54,73,57,Décalage entre la réalité et une perception de cette réalité,AUG,Cards/Commune/641.png
642,Imagination,Commune,CONCEPTS,23,43,32,Faculté de produire des images mentales,AUG,Cards/Commune/642.png
643,Impératif,Commune,CONCEPTS,45,56,86,Une proposition ayant la forme d'un commandement,AUG,Cards/Commune/643.png
644,Induction,Commune,CONCEPTS,19,21,54,Est une opération intellectuelle,AUG,Cards/Commune/644.png
645,Inférence,Commune,CONCEPTS,15,17,86,Opération logique déduisant une proposition d'une autre,AUG,Cards/Commune/645.png
646,Information,Commune,CONCEPTS,39,15,32,Des messages fondés sur des faits vérifiés,AUG,Cards/Commune/646.png
647,Intégration par parties,Commune,CONCEPTS,11,86,1,Méthode d'intégration pour faire décendre un polynône,FG,Cards/Commune/647.png
648,Intuition,Commune,CONCEPTS,57,43,58,Connaissance immédiate ne passant pas par le raisonnement,AUG,Cards/Commune/648.png
649,LGBTQIA+,Commune,CONCEPTS,34,95,40,Progressisme ,FG,Cards/Commune/649.png
650,Looksmaxxing,Commune,CONCEPTS,17,67,45,Sub5 into Chad,FG,Cards/Commune/650.png
651,Matière,Commune,CONCEPTS,67,58,28,Ce qui compose tout corps,AUG,Cards/Commune/651.png
652,Mémoire ,Commune,CONCEPTS,5,65,99,Je m'en souviens ,FG,Cards/Commune/652.png
653,Mewing,Commune,CONCEPTS,13,3,15,Shhhhh,FG,Cards/Commune/653.png
654,Monde,Commune,CONCEPTS,34,56,68,Tout ce qui constitue la réalité ou l’univers physique,AUG,Cards/Commune/654.png
655,Motivation ,Commune,CONCEPTS,11,18,87,Dure deux semaines ,FG,Cards/Commune/655.png
656,Passion,Commune,CONCEPTS,87,67,34,État affectif puissant dominant la vie mentale,AUG,Cards/Commune/656.png
657,Perception,Commune,CONCEPTS,57,93,87,Saisie directe de la réalité par les sens,AUG,Cards/Commune/657.png
658,Plaisir,Commune,CONCEPTS,3,6,25,Pour chasser l'ennui,FG,Cards/Commune/658.png
659,Prémisse,Commune,CONCEPTS,57,87,76,Affirmation servant de base à un raisonnement logique,AUG,Cards/Commune/659.png
660,Raisonnement,Commune,CONCEPTS,87,46,74,Suite d'arguments organisés pour démontrer une vérité,AUG,Cards/Commune/660.png
661,Réfutabilité,Commune,CONCEPTS,54,98,24,Capacité d'une théorie à être contredite scientifiquement,AUG,Cards/Commune/661.png
662,Renoncement,Commune,CONCEPTS,87,45,19,Abandon volontaire d'un désir ou d'un droit,AUG,Cards/Commune/662.png
663,Respect,Commune,CONCEPTS,43,37,40,Sentiment de considération envers quelqu'un ou quelque chose,AUG,Cards/Commune/663.png
664,Satisfaction,Commune,CONCEPTS,89,36,82,Plaisir résultant de l'accomplissement d'un désir profond,AUG,Cards/Commune/664.png
665,Science,Commune,CONCEPTS,32,72,16,Connaissance rationnelle et vérifiable de la réalité,AUG,Cards/Commune/665.png
666,Signification,Commune,CONCEPTS,57,85,57,Représentation mentale de la forme et de l'aspect matériel du signe,AUG,Cards/Commune/666.png
667,Sujet,Commune,CONCEPTS,49,92,35,L'être réel,AUG,Cards/Commune/667.png
668,Synthèse,Commune,CONCEPTS,87,57,47,Opération intellectuelle par laquelle on réunit en un tout cohérent,AUG,Cards/Commune/668.png
669,Tao ,Commune,CONCEPTS,39,12,32,Principe fondamental régissant l'ordre de l'univers,AUG,Cards/Commune/669.png
670,Théorie,Commune,CONCEPTS,16,35,74,Système d'idées expliquant un domaine de connaissances,AUG,Cards/Commune/670.png
671,Travail ,Commune,CONCEPTS,60,5,60,Le travail c'est la santé ,FG,Cards/Commune/671.png
672,Vacances,Commune,CONCEPTS,70,11,80, Le repos ,La pizzeria,Cards/Commune/672.png
673,Vertu,Commune,CONCEPTS,43,67,42,Habitude ferme et constante à faire le bien et à fuir le mal,AUG,Cards/Commune/673.png
674,Winter arc,Commune,CONCEPTS,43,2,62,Un peu cringe ,FG,Cards/Commune/674.png
675,100 couches de {matériau},Rare,CONCEPTS,70,6,44,On s'évade de notre prison ,FG,Cards/Rare/675.png
676,1000tipla,Rare,CONCEPTS,56,70,69,Un multipla tunning avec un moteur 1000,FG,Cards/Rare/676.png
677,Acatalepsie,Rare,CONCEPTS,87,58,93, L'état d'incompréhension complète,AUG,Cards/Rare/677.png
678,Acte,Rare,CONCEPTS,36,23,84,Aller dormir,AUG,Cards/Rare/678.png
679,Agartha,Rare,CONCEPTS,30,80,75, I come from a land down under,La pizzeria,Cards/Rare/679.png
680,Âme,Rare,CONCEPTS,73,94,82,Principe immatériel censé animer le corps humain,AUG,Cards/Rare/680.png
681,Art,Rare,CONCEPTS,56,99,34,JoJo,FG,Cards/Rare/681.png
682,Chaos,Rare,CONCEPTS,84,94,83,État de confusion totale avant l'ordre universel,AUG,Cards/Rare/682.png
683,Conscience,Rare,CONCEPTS,96,36,96,"La connaissance en général, l’intentionnalité, l’introspection ",AUG,Cards/Rare/683.png
684,Cosmos,Rare,CONCEPTS,83,57,85,Partie précise de l'univers ou même l'univers dans son ensemble,AUG,Cards/Rare/684.png
685,Croisades ,Rare,CONCEPTS,45,20,69,Pour notre sauveur Jésus Christ ,FG,Cards/Rare/685.png
686,Discipline,Rare,CONCEPTS,50,61,10,Un autre mot qui remplace motivation ,FG,Cards/Rare/686.png
687,Droit,Rare,CONCEPTS,93,25,85,Ensemble des règles régissant les rapports humains,AUG,Cards/Rare/687.png
688,Énergie nucléaire ,Rare,CONCEPTS,46,83,63,La meilleure énergie aujourd'hui ,FG,Cards/Rare/688.png
689,Épistémè,Rare,CONCEPTS,94,73,96,Socle de savoirs communs à une époque donnée,AUG,Cards/Rare/689.png
690,Essence,Rare,CONCEPTS,76,84,84,Nature propre faisant qu'une chose est elle-même,AUG,Cards/Rare/690.png
691,Hamon,Rare,CONCEPTS,45,23,26,Energie identique aux rayon du soleil ,FG,Cards/Rare/691.png
692,Hasard,Rare,CONCEPTS,75,84,86,Cause fictive d'événements imprévisibles et inexpliqués,AUG,Cards/Rare/692.png
693,Immanence,Rare,CONCEPTS,93,63,76,L'immanence caractérise ce qui est intérieur à un être ou à une pensée,AUG,Cards/Rare/693.png
694,Impérialisme,Rare,CONCEPTS,40,9,39,Doctrine d'extension du territoire,FG,Cards/Rare/694.png
695,Iphone ,Rare,CONCEPTS,40,66,89,This is the Iphone ,FG,Cards/Rare/695.png
696,L'aura,Rare,CONCEPTS,34,15,45,Système qui mesure la quantité de charisme chez quelqu'un  ,Utmost,Cards/Rare/696.png
697,L'Être,Rare,CONCEPTS,85,74,16,Concept désignant la réalité de tout existant,AUG,Cards/Rare/697.png
698,Logique,Rare,CONCEPTS,63,85,35,Étude des règles formelles d'une pensée correcte,AUG,Cards/Rare/698.png
699,Loi,Rare,CONCEPTS,85,93,84,Règle impérative fixée par une autorité souveraine,AUG,Cards/Rare/699.png
700,Manque ,Rare,CONCEPTS,73,74,73,Un état du sujet attribué à un agent et concerne un objet réel,AUG,Cards/Rare/700.png
701,Nihilisme,Rare,CONCEPTS,94,15,95,Doctrine affirmant l'absence de toute valeur morale,AUG,Cards/Rare/701.png
702,Noël ,Rare,CONCEPTS,55,26,80,Tous les ans le 25 décembre,FG,Cards/Rare/702.png
703,Paradigme,Rare,CONCEPTS,74,74,90,Modèle de pensée dominant dans un domaine précis,AUG,Cards/Rare/703.png
704,Pokémon,Rare,CONCEPTS,45,25,100,Créatures fantastiques dotées de pouvoir vivant parmis nous,Utmost,Cards/Rare/704.png
705,Puissance,Rare,CONCEPTS,95,83,48,"Tantôt ce qui ce qui est en devenir, tantôt ce qui n'est qu'à l'état virtuel",AUG,Cards/Rare/705.png
706,Raison,Rare,CONCEPTS,34,19,60,Faculté humaine permettant de juger et d'agir,AUG,Cards/Rare/706.png
707,Réalité,Rare,CONCEPTS,75,50,70,Ce qui concerne l'être,AUG,Cards/Rare/707.png
708,Responsabilité,Rare,CONCEPTS,82,32,89,Devoir de répondre de ses actes et conséquences,AUG,Cards/Rare/708.png
709,Rotation,Rare,CONCEPTS,39,67,23,"Énergie semblable au Hamon, sert à faire tourner des objets",FG,Cards/Rare/709.png
710,Sophismes,Rare,CONCEPTS,98,64,84,Arguments faux malgré une apparence de vérité,AUG,Cards/Rare/710.png
711,Substance,Rare,CONCEPTS,54,95,93,Ce qui sert de support aux attributs et aux accidents,AUG,Cards/Rare/711.png
712,Syllogisme,Rare,CONCEPTS,98,46,84,Raisonnement en trois temps liant deux prémisses,AUG,Cards/Rare/712.png
713,Trou noir,Rare,CONCEPTS,76,87,54,Stephan Hawking,FG,Cards/Rare/713.png
714,Volonté,Rare,CONCEPTS,73,93,30,Caractériser une action et la distinguer d’autres,AUG,Cards/Rare/714.png
715,Air,Épique,CONCEPTS,94,0,100,Pour respirer c'est utile,La pizzeria,Cards/Épique/715.png
716,Capitalisme ,Épique,CONCEPTS,99,41,97,MONEEEEY,FG,Cards/Épique/716.png
717,Dieu,Épique,CONCEPTS,84,29,84,Être suprême considéré comme créateur de l'univers,AUG,Cards/Épique/717.png
718,Échange équivalent,Épique,CONCEPTS,61,60,33,Guérit une partie de ton corps contre une autre,FG,Cards/Épique/718.png
719,Esclavage ,Épique,CONCEPTS,98,15,89,Conséquence du racisme ,FG,Cards/Épique/719.png
720,Feu,Épique,CONCEPTS,97,86,100,Le début à tout,La pizzeria,Cards/Épique/720.png
721,Fruits du démon,Épique,CONCEPTS,80,89,74,Des fruits nous donnant des pouvoir contre la faculté de nager,Utmost,Cards/Épique/721.png
722,Futur,Épique,CONCEPTS,74,17,94,L'avenir ou la perte,AUG,Cards/Épique/722.png
723,Haine,Épique,CONCEPTS,63,70,47,La haine mène au côté obscur,Cacahouetes,Cards/Épique/723.png
724,Haki,Épique,CONCEPTS,31,66,48,Système de puissance dans One piece surpasant les Fruits,Utmost,Cards/Épique/724.png
725,Liberté,Épique,CONCEPTS,90,5,70,Être libre c'est cool,La pizzeria,Cards/Épique/725.png
726,Musique,Épique,CONCEPTS,68,46,90,Essaie de vivre sans musique,FG,Cards/Épique/726.png
727,Paradoxe ,Épique,CONCEPTS,20,100,22,Cette assertion est fausse,FG,Cards/Épique/727.png
728,Psychologie inversée ,Épique,CONCEPTS,50,69,34,L'opposé de la psychologie à l'endroit ,FG,Cards/Épique/728.png
729,Racisme ,Épique,CONCEPTS,99,0,77,La première source de haine,FG,Cards/Épique/729.png
730,Replis stratégique,Épique,CONCEPTS,88,7,100,C'est pas de la fuite!!,Utmost,Cards/Épique/730.png
731,Sarkoland ,Épique,CONCEPTS,8,80,8,Le serveur Minecraft ,FG,Cards/Épique/731.png
732,Tg ?,Épique,CONCEPTS,2,5,4,Ta.. ta.. t.. ta gueule ?,FG,Cards/Épique/732.png
733,Transcendance,Épique,CONCEPTS,99,99,99,"Désigne ce qui nous dépasse, ce qui est ou va au-delà de l'humanité",AUG,Cards/Épique/733.png
734,Vérité,Épique,CONCEPTS,94,73,85,"La correspondance entre ce qui est dis, et ce qui est",AUG,Cards/Épique/734.png
735,Amour,Légendaire,CONCEPTS,98,2,30,FAITES DES BEBES,FG,Cards/Légendaire/735.png
736,Bien / Mal,Légendaire,CONCEPTS,81,100,88,Question de point de vue,FG,Cards/Légendaire/736.png
737,Communisme,Légendaire,CONCEPTS,26,99,33,NOUS NOUS NOOOOOUUUS,FG,Cards/Légendaire/737.png
738,Concept,Légendaire,CONCEPTS,80,80,57,La base des concepts,Cacahouetes,Cards/Légendaire/738.png
739,Dormir ,Légendaire,CONCEPTS,84,0,98,Il paraît qu'il faut dormir 7 à 9h,FG,Cards/Légendaire/739.png
740,Eau,Légendaire,CONCEPTS,94,0,100,Dans 20 30 ans y'en aura plus,La pizzeria,Cards/Légendaire/740.png
741,Enfer ,Légendaire,CONCEPTS,74,83,99,Un lieu imaginaire mentionné dans la religion ,FG,Cards/Légendaire/741.png
742,Famille,Légendaire,CONCEPTS,95,10,89,La familia,La pizzeria,Cards/Légendaire/742.png
743,L'échange,Légendaire,CONCEPTS,100,1,100,Un concept fondamentale qui remonte à des temps anciens,Utmost,Cards/Légendaire/743.png
744,L'humain,Légendaire,CONCEPTS,90,95,93,On ne peut pas réellement le définir,La pizzeria,Cards/Légendaire/744.png
745,Stands de JoJo,Légendaire,CONCEPTS,78,96,80,La manifestation physique de l'energie vitale,Utmost,Cards/Légendaire/745.png
746,Terre,Légendaire,CONCEPTS,100,0,100,La planète ou l'élément,La pizzeria,Cards/Légendaire/746.png
747,L'avis de femmes,Mythique,CONCEPTS,80,54,20,Souvent oublié,La pizzeria,Cards/Mythique/747.png
748,Mathématiques ,Mythique,CONCEPTS,92,100,97,"""LeS mAtHs Ça SeRt À rIeN""",FG,Cards/Mythique/748.png
749,Mort,Mythique,CONCEPTS,85,100,100,"Bah, c'est la mort",Cacahouetes,Cards/Mythique/749.png
750,Omnipotence,Mythique,CONCEPTS,100,100,100,La puissance maximale,AUG,Cards/Mythique/750.png
751,Paradis ,Mythique,CONCEPTS,99,43,100,Un lieu imaginaire mentionné dans la religion ,FG,Cards/Mythique/751.png
752,Ratio,Mythique,CONCEPTS,100,45,100,Il a ratio la NASA,FG,Cards/Mythique/752.png
753,Skibidi surfers,Mythique,CONCEPTS,80,54,87,https://alpikespot.itch.io/skibidi-surfers,alpikespot,Cards/Mythique/753.png
754,Vie,Mythique,CONCEPTS,85,100,100,La vie c'est pas une gauffre,Cacahouetes,Cards/Mythique/754.png
755,Temps,Unique,CONCEPTS,100,100,100,Le temps est relatif,FG,Cards/Unique/755.png
756,POL,Divine,Toutes,∞,∞,∞,POL notre dieu à tous,POL,Cards/Divine/756.png